Original_Feature,Importance,Importance_%,Cumulative_Importance_%
class_size,0.4004311359295234,40.04311359295234,40.04311359295234
number_of_siblings,0.27069373318898515,27.069373318898514,67.11248691185085
hours_per_week,0.10690662643013117,10.690662643013118,77.80314955486396
learning_style,0.08036712457207676,8.036712457207676,85.83986201207163
attendance_rate,0.055989883337914194,5.59898833379142,91.43885034586306
tuition,0.034431034618994924,3.4431034618994922,94.88195380776256
direct_admission,0.02973477108748431,2.973477108748431,97.85543091651098
CCA,0.02039487549812465,2.0394875498124647,99.89491846632345
sleep_duration,0.0010508153367653678,0.10508153367653679,99.99999999999999
