student_id,column,values
AXZN2E,index,"[np.int64(4), np.int64(15399)]"
T4U89N,index,"[np.int64(12), np.int64(4879)]"
T4U89N,bag_color,"['green', 'black']"
G0JBVS,index,"[np.int64(14), np.int64(15841)]"
G0JBVS,bag_color,"['white', 'green']"
HJ6Y5P,index,"[np.int64(21), np.int64(7981)]"
HJ6Y5P,bag_color,"['red', 'yellow']"
PQ059G,index,"[np.int64(24), np.int64(752)]"
PQ059G,bag_color,"['red', 'white']"
OF3DU8,index,"[np.int64(28), np.int64(9943)]"
OF3DU8,bag_color,"['yellow', 'green']"
2HD89P,index,"[np.int64(40), np.int64(2378)]"
2HD89P,bag_color,"['yellow', 'blue']"
OPWOR2,index,"[np.int64(57), np.int64(6041)]"
OPWOR2,bag_color,"['green', 'red']"
7XH8AD,index,"[np.int64(67), np.int64(8057)]"
7XH8AD,bag_color,"['yellow', 'green']"
903WGD,index,"[np.int64(71), np.int64(15539)]"
V8PSZ4,index,"[np.int64(73), np.int64(2587)]"
V8PSZ4,bag_color,"['green', 'black']"
7EPPQG,index,"[np.int64(82), np.int64(5055)]"
7EPPQG,bag_color,"['red', 'yellow']"
EAZDA8,index,"[np.int64(83), np.int64(5078)]"
EAZDA8,bag_color,"['blue', 'white']"
MB9F8E,index,"[np.int64(87), np.int64(9062)]"
MB9F8E,bag_color,"['blue', 'white']"
QCJ1S2,index,"[np.int64(93), np.int64(10701)]"
QCJ1S2,bag_color,"['blue', 'yellow']"
WQCJ0U,index,"[np.int64(94), np.int64(8805)]"
WQCJ0U,bag_color,"['green', 'blue']"
U9XHGZ,index,"[np.int64(112), np.int64(14291)]"
U9XHGZ,bag_color,"['black', 'yellow']"
2QYBOU,index,"[np.int64(114), np.int64(1090)]"
2QYBOU,bag_color,"['black', 'blue']"
GKO7VX,index,"[np.int64(115), np.int64(10228)]"
GKO7VX,bag_color,"['green', 'white']"
ED45O1,index,"[np.int64(122), np.int64(8256)]"
ED45O1,bag_color,"['green', 'red']"
7N3MXK,index,"[np.int64(124), np.int64(10731)]"
7N3MXK,bag_color,"['green', 'white']"
6F1PTH,index,"[np.int64(129), np.int64(9252)]"
6F1PTH,bag_color,"['yellow', 'blue']"
WHO5I7,index,"[np.int64(137), np.int64(2264)]"
FR8U8M,index,"[np.int64(145), np.int64(13715)]"
FR8U8M,bag_color,"['yellow', 'blue']"
LDFJ01,index,"[np.int64(156), np.int64(5006)]"
LDFJ01,bag_color,"['black', 'green']"
BW7ZBA,index,"[np.int64(172), np.int64(5606)]"
BW7ZBA,bag_color,"['blue', 'yellow']"
LX6SSC,index,"[np.int64(196), np.int64(10867)]"
25PAWM,index,"[np.int64(199), np.int64(8285)]"
25PAWM,bag_color,"['black', 'blue']"
1R0VBB,index,"[np.int64(201), np.int64(1532)]"
W8KTLE,index,"[np.int64(205), np.int64(1035)]"
W8KTLE,bag_color,"['black', 'red']"
N5WCG8,index,"[np.int64(226), np.int64(4704)]"
N5WCG8,bag_color,"['blue', 'white']"
TFY0BH,index,"[np.int64(227), np.int64(8632)]"
TFY0BH,bag_color,"['red', 'green']"
AJJNSG,index,"[np.int64(235), np.int64(14720)]"
AJJNSG,bag_color,"['red', 'white']"
VIDY9K,index,"[np.int64(246), np.int64(9691)]"
VIDY9K,bag_color,"['black', 'yellow']"
K64994,index,"[np.int64(257), np.int64(13756)]"
SCKIOA,index,"[np.int64(271), np.int64(8983)]"
SCKIOA,bag_color,"['red', 'white']"
0WO2AI,index,"[np.int64(287), np.int64(2984)]"
0WO2AI,bag_color,"['blue', 'green']"
3FMLCM,index,"[np.int64(305), np.int64(1714)]"
3FMLCM,bag_color,"['yellow', 'black']"
80LBPQ,index,"[np.int64(308), np.int64(2428)]"
80LBPQ,bag_color,"['white', 'blue']"
2K1Q2R,index,"[np.int64(311), np.int64(10661)]"
2K1Q2R,bag_color,"['green', 'white']"
5EM4RO,index,"[np.int64(321), np.int64(10073)]"
OLJV0J,index,"[np.int64(326), np.int64(15507)]"
OLJV0J,bag_color,"['blue', 'yellow']"
L0OK42,index,"[np.int64(327), np.int64(3858)]"
L0OK42,bag_color,"['red', 'yellow']"
8ZNAVQ,index,"[np.int64(335), np.int64(9527)]"
8ZNAVQ,bag_color,"['black', 'yellow']"
47707Q,index,"[np.int64(338), np.int64(10408)]"
47707Q,bag_color,"['green', 'white']"
Q3R2ER,index,"[np.int64(355), np.int64(7550)]"
Q3R2ER,bag_color,"['blue', 'yellow']"
7OQM9D,index,"[np.int64(360), np.int64(455)]"
7OQM9D,bag_color,"['green', 'black']"
8KR3MD,index,"[np.int64(370), np.int64(1721)]"
8KR3MD,bag_color,"['blue', 'yellow']"
CZLOYU,index,"[np.int64(376), np.int64(11732)]"
CZLOYU,bag_color,"['blue', 'yellow']"
XR11CB,index,"[np.int64(384), np.int64(2835)]"
XR11CB,bag_color,"['blue', 'yellow']"
GK0NVK,index,"[np.int64(388), np.int64(8454)]"
GK0NVK,bag_color,"['black', 'white']"
3OU750,index,"[np.int64(401), np.int64(14168)]"
3OU750,bag_color,"['green', 'white']"
KAHG9F,index,"[np.int64(436), np.int64(14669)]"
KAHG9F,bag_color,"['red', 'blue']"
E6LTY8,index,"[np.int64(441), np.int64(11668)]"
E6LTY8,bag_color,"['blue', 'green']"
N5YKWO,index,"[np.int64(442), np.int64(3641)]"
NKL394,index,"[np.int64(443), np.int64(8870)]"
NKL394,bag_color,"['red', 'blue']"
CA9MZN,index,"[np.int64(452), np.int64(4003)]"
CA9MZN,bag_color,"['red', 'blue']"
PY1HX9,index,"[np.int64(476), np.int64(11184)]"
PY1HX9,bag_color,"['white', 'blue']"
8JC0WC,index,"[np.int64(499), np.int64(5782)]"
8JC0WC,bag_color,"['blue', 'white']"
C6M33N,index,"[np.int64(505), np.int64(15575)]"
3628TM,index,"[np.int64(510), np.int64(15781)]"
3628TM,bag_color,"['black', 'white']"
WDJ3N0,index,"[np.int64(524), np.int64(2565)]"
WDJ3N0,bag_color,"['red', 'yellow']"
COREAN,index,"[np.int64(541), np.int64(11880)]"
COREAN,bag_color,"['red', 'white']"
BE3SFP,index,"[np.int64(545), np.int64(2247)]"
BE3SFP,bag_color,"['yellow', 'white']"
6C1Y18,index,"[np.int64(546), np.int64(4080)]"
6C1Y18,bag_color,"['black', 'white']"
NINS6Y,index,"[np.int64(547), np.int64(10108)]"
NINS6Y,bag_color,"['green', 'white']"
AZT8DU,index,"[np.int64(550), np.int64(3588)]"
AZT8DU,bag_color,"['yellow', 'white']"
BCJD1T,index,"[np.int64(569), np.int64(8476)]"
8J3LLV,index,"[np.int64(587), np.int64(10134)]"
1FNLHR,index,"[np.int64(598), np.int64(10654)]"
1FNLHR,bag_color,"['red', 'white']"
GSVJCN,index,"[np.int64(606), np.int64(14995)]"
GSVJCN,bag_color,"['yellow', 'black']"
LYN81Y,index,"[np.int64(609), np.int64(15588)]"
LYN81Y,bag_color,"['yellow', 'blue']"
BOA4CS,index,"[np.int64(615), np.int64(10506)]"
BOA4CS,bag_color,"['black', 'white']"
D79W3J,index,"[np.int64(617), np.int64(9449)]"
D79W3J,bag_color,"['black', 'white']"
ZD2INP,index,"[np.int64(620), np.int64(10244)]"
ZD2INP,bag_color,"['green', 'black']"
B6FBJW,index,"[np.int64(636), np.int64(13003)]"
M1XMR8,index,"[np.int64(637), np.int64(13806)]"
M1XMR8,bag_color,"['blue', 'red']"
4QPNEA,index,"[np.int64(643), np.int64(11962)]"
H4OFXD,index,"[np.int64(645), np.int64(11695)]"
H4OFXD,bag_color,"['green', 'yellow']"
I9NYBE,index,"[np.int64(661), np.int64(6591)]"
I9NYBE,bag_color,"['green', 'red']"
H1P7LK,index,"[np.int64(682), np.int64(12924)]"
H1P7LK,bag_color,"['yellow', 'blue']"
2NDS80,index,"[np.int64(687), np.int64(5200)]"
2NDS80,bag_color,"['blue', 'white']"
2JEVFB,index,"[np.int64(691), np.int64(9287)]"
2JEVFB,bag_color,"['white', 'black']"
IBW5W0,index,"[np.int64(708), np.int64(4819)]"
IBW5W0,bag_color,"['green', 'blue']"
QIUSKC,index,"[np.int64(715), np.int64(12238)]"
QIUSKC,bag_color,"['green', 'blue']"
7FA6JR,index,"[np.int64(721), np.int64(4338)]"
7FA6JR,bag_color,"['red', 'black']"
YOX87L,index,"[np.int64(726), np.int64(13061)]"
YOX87L,bag_color,"['green', 'red']"
0N6SFC,index,"[np.int64(729), np.int64(5260)]"
0N6SFC,bag_color,"['white', 'red']"
H7N3F1,index,"[np.int64(735), np.int64(3452)]"
H7N3F1,bag_color,"['white', 'blue']"
ROR2EN,index,"[np.int64(750), np.int64(11991)]"
6JJBGL,index,"[np.int64(757), np.int64(10082)]"
6JJBGL,bag_color,"['blue', 'white']"
HXPCXP,index,"[np.int64(761), np.int64(12005)]"
HXPCXP,bag_color,"['green', 'white']"
LJR4B2,index,"[np.int64(769), np.int64(13880)]"
LJR4B2,bag_color,"['blue', 'red']"
HAJ53G,index,"[np.int64(775), np.int64(14610)]"
HAJ53G,bag_color,"['red', 'yellow']"
A7ZPOR,index,"[np.int64(788), np.int64(9428)]"
A7ZPOR,bag_color,"['white', 'red']"
4USS5P,index,"[np.int64(793), np.int64(2103)]"
LNFETR,index,"[np.int64(817), np.int64(5160)]"
LNFETR,bag_color,"['white', 'black']"
8Y1DTU,index,"[np.int64(824), np.int64(6109)]"
8Y1DTU,bag_color,"['yellow', 'white']"
JDENXI,index,"[np.int64(837), np.int64(14417)]"
JDENXI,bag_color,"['black', 'yellow']"
O5MJ5G,index,"[np.int64(848), np.int64(978)]"
O5MJ5G,bag_color,"['yellow', 'blue']"
Z3AQIF,index,"[np.int64(856), np.int64(2009)]"
Z3AQIF,bag_color,"['red', 'blue']"
X263P7,index,"[np.int64(864), np.int64(5627)]"
X263P7,bag_color,"['yellow', 'green']"
OBOT9I,index,"[np.int64(866), np.int64(14755)]"
UZ47D7,index,"[np.int64(871), np.int64(8069)]"
UZ47D7,bag_color,"['green', 'blue']"
RD4HE3,index,"[np.int64(875), np.int64(7144)]"
RD4HE3,bag_color,"['green', 'white']"
O2AFOR,index,"[np.int64(877), np.int64(13796)]"
O2AFOR,bag_color,"['green', 'yellow']"
3XKAAX,index,"[np.int64(878), np.int64(4761)]"
247GAR,index,"[np.int64(884), np.int64(14730)]"
247GAR,bag_color,"['green', 'black']"
UQ2VIP,index,"[np.int64(888), np.int64(10061)]"
UQ2VIP,bag_color,"['blue', 'black']"
FRRW02,index,"[np.int64(893), np.int64(12298)]"
HL8LER,index,"[np.int64(896), np.int64(9391)]"
HL8LER,bag_color,"['white', 'yellow']"
2KKLZW,index,"[np.int64(905), np.int64(2204)]"
2KKLZW,bag_color,"['yellow', 'blue']"
KEO5BG,index,"[np.int64(906), np.int64(13976)]"
KEO5BG,bag_color,"['white', 'yellow']"
CNXIXG,index,"[np.int64(914), np.int64(5127)]"
CNXIXG,bag_color,"['white', 'black']"
I7Y9CO,index,"[np.int64(915), np.int64(7923)]"
ZFSEF8,index,"[np.int64(940), np.int64(7734)]"
ZFSEF8,bag_color,"['black', 'green']"
28W5E6,index,"[np.int64(941), np.int64(3633)]"
28W5E6,bag_color,"['yellow', 'green']"
0MRANQ,index,"[np.int64(948), np.int64(8032)]"
0MRANQ,bag_color,"['blue', 'white']"
I97ZR9,index,"[np.int64(969), np.int64(2098)]"
X5LKU2,index,"[np.int64(991), np.int64(2528)]"
X5LKU2,bag_color,"['white', 'blue']"
E3JLCA,index,"[np.int64(1001), np.int64(1862)]"
E3JLCA,bag_color,"['blue', 'black']"
U09OH4,index,"[np.int64(1006), np.int64(3650)]"
U09OH4,bag_color,"['yellow', 'green']"
A41HBL,index,"[np.int64(1012), np.int64(8762)]"
H61QBO,index,"[np.int64(1028), np.int64(12275)]"
PXQ26S,index,"[np.int64(1029), np.int64(3361)]"
PMN777,index,"[np.int64(1043), np.int64(1225)]"
PMN777,bag_color,"['red', 'yellow']"
9K5075,index,"[np.int64(1044), np.int64(1633)]"
9K5075,bag_color,"['red', 'green']"
PFHASG,index,"[np.int64(1057), np.int64(8822)]"
PFHASG,bag_color,"['red', 'black']"
GQ61M6,index,"[np.int64(1061), np.int64(4656)]"
D4KBX7,index,"[np.int64(1066), np.int64(1770)]"
FGCM5J,index,"[np.int64(1086), np.int64(7851)]"
FGCM5J,bag_color,"['blue', 'black']"
Z6VZT3,index,"[np.int64(1110), np.int64(8269)]"
Z6VZT3,bag_color,"['blue', 'black']"
X1E1WR,index,"[np.int64(1118), np.int64(4357)]"
X1E1WR,bag_color,"['white', 'green']"
X1CXVP,index,"[np.int64(1137), np.int64(15788)]"
X1CXVP,bag_color,"['yellow', 'white']"
TE1RAN,index,"[np.int64(1138), np.int64(6909)]"
TE1RAN,bag_color,"['green', 'blue']"
FS3BK9,index,"[np.int64(1139), np.int64(12659)]"
39DA5T,index,"[np.int64(1143), np.int64(7925)]"
39DA5T,bag_color,"['yellow', 'white']"
TEQTBR,index,"[np.int64(1146), np.int64(5634)]"
0X4991,index,"[np.int64(1147), np.int64(14939)]"
0X4991,bag_color,"['red', 'white']"
TMURFS,index,"[np.int64(1155), np.int64(15465)]"
TMURFS,bag_color,"['green', 'black']"
W8V901,index,"[np.int64(1157), np.int64(8720)]"
W8V901,bag_color,"['blue', 'yellow']"
TY0JW8,index,"[np.int64(1159), np.int64(7727)]"
UF2SN0,index,"[np.int64(1166), np.int64(8911)]"
UF2SN0,bag_color,"['black', 'green']"
I90S2O,index,"[np.int64(1178), np.int64(6250)]"
I90S2O,bag_color,"['yellow', 'white']"
TISTLT,index,"[np.int64(1190), np.int64(8114)]"
TISTLT,bag_color,"['black', 'yellow']"
SRVHCS,index,"[np.int64(1195), np.int64(6404)]"
SRVHCS,bag_color,"['white', 'blue']"
1MMVVD,index,"[np.int64(1201), np.int64(6132)]"
1MMVVD,bag_color,"['yellow', 'blue']"
O3MM6G,index,"[np.int64(1214), np.int64(12994)]"
O3MM6G,bag_color,"['green', 'red']"
9TBOTW,index,"[np.int64(1229), np.int64(14861)]"
9TBOTW,bag_color,"['white', 'green']"
DO7UAH,index,"[np.int64(1232), np.int64(9950)]"
DO7UAH,bag_color,"['blue', 'green']"
ZZNA57,index,"[np.int64(1241), np.int64(15113)]"
ZZNA57,bag_color,"['green', 'red']"
PNJV5Q,index,"[np.int64(1253), np.int64(11680)]"
GJQ9VI,index,"[np.int64(1259), np.int64(7089)]"
GJQ9VI,bag_color,"['green', 'white']"
PQGC88,index,"[np.int64(1272), np.int64(9044)]"
0U7EMF,index,"[np.int64(1283), np.int64(15775)]"
0U7EMF,bag_color,"['blue', 'white']"
Z4IOIC,index,"[np.int64(1289), np.int64(7746)]"
Z4IOIC,bag_color,"['white', 'red']"
9J6XPL,index,"[np.int64(1304), np.int64(15174)]"
9J6XPL,bag_color,"['green', 'white']"
OYJGME,index,"[np.int64(1320), np.int64(8928)]"
ZO9ETI,index,"[np.int64(1323), np.int64(9975)]"
ZO9ETI,bag_color,"['white', 'red']"
6YS1TV,index,"[np.int64(1327), np.int64(7415)]"
6YS1TV,bag_color,"['red', 'yellow']"
5GCMYD,index,"[np.int64(1330), np.int64(1425)]"
5GCMYD,bag_color,"['black', 'green']"
75H1CF,index,"[np.int64(1350), np.int64(13922)]"
75H1CF,bag_color,"['green', 'yellow']"
VB5H13,index,"[np.int64(1356), np.int64(10694)]"
VB5H13,bag_color,"['black', 'blue']"
QZQFL0,index,"[np.int64(1366), np.int64(2694)]"
QZQFL0,bag_color,"['red', 'green']"
BG4MGS,index,"[np.int64(1385), np.int64(14187)]"
BG4MGS,bag_color,"['red', 'white']"
0JUGAF,index,"[np.int64(1405), np.int64(6339)]"
0JUGAF,bag_color,"['red', 'yellow']"
YBGRGZ,index,"[np.int64(1420), np.int64(12182)]"
YBGRGZ,bag_color,"['black', 'red']"
HMH81V,index,"[np.int64(1424), np.int64(8073)]"
HMH81V,bag_color,"['red', 'yellow']"
OJM2Z3,index,"[np.int64(1430), np.int64(14608)]"
5AWK59,index,"[np.int64(1441), np.int64(7858)]"
5AWK59,bag_color,"['green', 'blue']"
8YDCV7,index,"[np.int64(1486), np.int64(13540)]"
8YDCV7,bag_color,"['red', 'black']"
4V17WK,index,"[np.int64(1488), np.int64(14849)]"
4V17WK,bag_color,"['yellow', 'green']"
HYNF0J,index,"[np.int64(1494), np.int64(15454)]"
HYNF0J,bag_color,"['black', 'yellow']"
FRZTOU,index,"[np.int64(1498), np.int64(3780)]"
FRZTOU,bag_color,"['red', 'black']"
SSYND1,index,"[np.int64(1505), np.int64(10560)]"
SSYND1,bag_color,"['yellow', 'black']"
2NTNAT,index,"[np.int64(1560), np.int64(10890)]"
2NTNAT,bag_color,"['white', 'black']"
F8WIHG,index,"[np.int64(1571), np.int64(4272)]"
F8WIHG,bag_color,"['red', 'green']"
Z9YY3M,index,"[np.int64(1580), np.int64(15871)]"
Z9YY3M,bag_color,"['green', 'black']"
BS4AUN,index,"[np.int64(1597), np.int64(15319)]"
BS4AUN,bag_color,"['yellow', 'red']"
AT626E,index,"[np.int64(1609), np.int64(9209)]"
AT626E,bag_color,"['black', 'blue']"
2Q15VF,index,"[np.int64(1613), np.int64(15544)]"
2Q15VF,bag_color,"['green', 'black']"
KNWL5Z,index,"[np.int64(1630), np.int64(12990)]"
KNWL5Z,bag_color,"['yellow', 'white']"
KC8YO4,index,"[np.int64(1655), np.int64(12732)]"
KC8YO4,bag_color,"['black', 'red']"
JMMYZ4,index,"[np.int64(1658), np.int64(3933)]"
JMMYZ4,bag_color,"['white', 'black']"
FRSS0N,index,"[np.int64(1662), np.int64(4341)]"
FRSS0N,bag_color,"['white', 'green']"
XT1L7Z,index,"[np.int64(1663), np.int64(15894)]"
XT1L7Z,bag_color,"['yellow', 'blue']"
THDARP,index,"[np.int64(1673), np.int64(5765)]"
THDARP,bag_color,"['blue', 'red']"
SLM6ZB,index,"[np.int64(1699), np.int64(4068)]"
SLM6ZB,bag_color,"['red', 'blue']"
6043IQ,index,"[np.int64(1720), np.int64(14532)]"
6043IQ,bag_color,"['white', 'yellow']"
O8QXHI,index,"[np.int64(1729), np.int64(12392)]"
XDEB7P,index,"[np.int64(1747), np.int64(15318)]"
XDEB7P,bag_color,"['black', 'white']"
DWVSJ2,index,"[np.int64(1750), np.int64(10273)]"
DWVSJ2,bag_color,"['yellow', 'red']"
NUYK70,index,"[np.int64(1776), np.int64(4173)]"
GLHWNL,index,"[np.int64(1778), np.int64(5325)]"
I2V1I2,index,"[np.int64(1791), np.int64(4446)]"
I2V1I2,bag_color,"['white', 'red']"
T9PF1C,index,"[np.int64(1798), np.int64(11405)]"
T9PF1C,bag_color,"['red', 'yellow']"
8CG2LV,index,"[np.int64(1810), np.int64(10042)]"
8CG2LV,bag_color,"['blue', 'yellow']"
3QSBNP,index,"[np.int64(1813), np.int64(2379)]"
3QSBNP,bag_color,"['green', 'red']"
84BF7N,index,"[np.int64(1828), np.int64(9348)]"
90WLC8,index,"[np.int64(1838), np.int64(4957)]"
90WLC8,bag_color,"['red', 'black']"
R99BRF,index,"[np.int64(1841), np.int64(15567)]"
R99BRF,bag_color,"['blue', 'green']"
VL3ZKL,index,"[np.int64(1845), np.int64(13783)]"
VL3ZKL,bag_color,"['yellow', 'white']"
1H67CV,index,"[np.int64(1847), np.int64(8308)]"
1H67CV,bag_color,"['black', 'red']"
RXYGUI,index,"[np.int64(1853), np.int64(4505)]"
RXYGUI,bag_color,"['red', 'white']"
BUN0YV,index,"[np.int64(1857), np.int64(3526)]"
7I4H8I,index,"[np.int64(1874), np.int64(11933)]"
7I4H8I,bag_color,"['red', 'white']"
PLAIAB,index,"[np.int64(1884), np.int64(5164)]"
PLAIAB,bag_color,"['red', 'blue']"
5CEWNH,index,"[np.int64(1895), np.int64(12249)]"
5CEWNH,bag_color,"['green', 'yellow']"
RHRN1M,index,"[np.int64(1903), np.int64(3240)]"
G77PAE,index,"[np.int64(1913), np.int64(6296)]"
G77PAE,bag_color,"['green', 'yellow']"
E1LZCV,index,"[np.int64(1938), np.int64(4548)]"
FNMA2U,index,"[np.int64(1953), np.int64(3483)]"
S2X8CO,index,"[np.int64(1965), np.int64(4498)]"
S2X8CO,bag_color,"['blue', 'red']"
3DOKW7,index,"[np.int64(1971), np.int64(6959)]"
3DOKW7,bag_color,"['black', 'green']"
U8ATA5,index,"[np.int64(1974), np.int64(4592)]"
U8ATA5,bag_color,"['blue', 'black']"
H0CRPE,index,"[np.int64(1982), np.int64(11331)]"
H0CRPE,bag_color,"['blue', 'black']"
E2SD8H,index,"[np.int64(1999), np.int64(14098)]"
E2SD8H,bag_color,"['black', 'green']"
5AHHQ9,index,"[np.int64(2002), np.int64(15668)]"
5AHHQ9,bag_color,"['white', 'green']"
V1FSG1,index,"[np.int64(2018), np.int64(3101)]"
V1FSG1,bag_color,"['black', 'blue']"
363OTL,index,"[np.int64(2021), np.int64(11699)]"
363OTL,bag_color,"['white', 'blue']"
Q9KXK6,index,"[np.int64(2026), np.int64(5213)]"
Q9KXK6,bag_color,"['blue', 'black']"
OTM2LZ,index,"[np.int64(2038), np.int64(4532)]"
OTM2LZ,bag_color,"['black', 'yellow']"
3HO6WS,index,"[np.int64(2061), np.int64(13708)]"
U9SOUN,index,"[np.int64(2082), np.int64(12257)]"
NWKTGU,index,"[np.int64(2106), np.int64(9948)]"
NWKTGU,bag_color,"['yellow', 'blue']"
MBUTPO,index,"[np.int64(2150), np.int64(9979)]"
MBUTPO,bag_color,"['yellow', 'white']"
35QTZ0,index,"[np.int64(2162), np.int64(3136)]"
35QTZ0,bag_color,"['green', 'blue']"
9CMOQ7,index,"[np.int64(2163), np.int64(8260)]"
QUTT42,index,"[np.int64(2167), np.int64(15762)]"
QUTT42,bag_color,"['green', 'black']"
7IZB0S,index,"[np.int64(2198), np.int64(9693)]"
7IZB0S,bag_color,"['yellow', 'blue']"
OHVF35,index,"[np.int64(2221), np.int64(6142)]"
OHVF35,bag_color,"['blue', 'white']"
HIDOXM,index,"[np.int64(2222), np.int64(5454)]"
HIDOXM,bag_color,"['green', 'white']"
3F0S0J,index,"[np.int64(2237), np.int64(4838)]"
3F0S0J,bag_color,"['red', 'blue']"
MGNCFU,index,"[np.int64(2254), np.int64(5106)]"
MGNCFU,bag_color,"['green', 'red']"
CVEAWG,index,"[np.int64(2267), np.int64(10207)]"
CVEAWG,bag_color,"['black', 'red']"
KZ6RSR,index,"[np.int64(2274), np.int64(2804)]"
KZ6RSR,bag_color,"['yellow', 'white']"
8R9NH7,index,"[np.int64(2277), np.int64(5151)]"
8R9NH7,bag_color,"['blue', 'red']"
1L8F4W,index,"[np.int64(2292), np.int64(9874)]"
1L8F4W,bag_color,"['blue', 'black']"
JTX9XR,index,"[np.int64(2306), np.int64(8784)]"
JTX9XR,bag_color,"['black', 'green']"
SMV5RR,index,"[np.int64(2311), np.int64(6391)]"
SMV5RR,bag_color,"['green', 'yellow']"
UOGCK0,index,"[np.int64(2315), np.int64(4930)]"
ZHW0XC,index,"[np.int64(2324), np.int64(13758)]"
VL7E39,index,"[np.int64(2346), np.int64(11569)]"
VL7E39,bag_color,"['blue', 'red']"
BLHFEH,index,"[np.int64(2348), np.int64(6275)]"
VCHTZ8,index,"[np.int64(2350), np.int64(14361)]"
VCHTZ8,bag_color,"['red', 'black']"
WN3084,index,"[np.int64(2355), np.int64(15637)]"
R6QDXT,index,"[np.int64(2359), np.int64(3609)]"
R6QDXT,bag_color,"['blue', 'black']"
F0A9UP,index,"[np.int64(2362), np.int64(13833)]"
F0A9UP,bag_color,"['black', 'yellow']"
EP44QF,index,"[np.int64(2368), np.int64(8396)]"
EP44QF,bag_color,"['green', 'blue']"
FOU7I1,index,"[np.int64(2375), np.int64(5215)]"
FOU7I1,bag_color,"['green', 'white']"
8G8Q5X,index,"[np.int64(2386), np.int64(11103)]"
LTRX7K,index,"[np.int64(2394), np.int64(12084)]"
7QZXVM,index,"[np.int64(2414), np.int64(10705)]"
7QZXVM,bag_color,"['white', 'black']"
U0NN16,index,"[np.int64(2420), np.int64(3476)]"
U0NN16,bag_color,"['black', 'white']"
V80XSJ,index,"[np.int64(2454), np.int64(6886)]"
V80XSJ,bag_color,"['red', 'blue']"
CFE3LG,index,"[np.int64(2461), np.int64(9263)]"
WRFO75,index,"[np.int64(2466), np.int64(11935)]"
WRFO75,bag_color,"['green', 'yellow']"
DC9LBQ,index,"[np.int64(2472), np.int64(15279)]"
DC9LBQ,bag_color,"['black', 'green']"
9P6WXQ,index,"[np.int64(2481), np.int64(5087)]"
IT442Y,index,"[np.int64(2482), np.int64(11422)]"
IT442Y,bag_color,"['blue', 'green']"
D2RZJ7,index,"[np.int64(2487), np.int64(14129)]"
D2RZJ7,bag_color,"['blue', 'white']"
G98UC2,index,"[np.int64(2492), np.int64(5720)]"
G98UC2,bag_color,"['white', 'green']"
S5W94D,index,"[np.int64(2505), np.int64(11009)]"
S5W94D,bag_color,"['yellow', 'blue']"
GZDELH,index,"[np.int64(2510), np.int64(3093)]"
GZDELH,bag_color,"['white', 'blue']"
58FVGO,index,"[np.int64(2513), np.int64(2785)]"
58FVGO,bag_color,"['yellow', 'black']"
RYJIHG,index,"[np.int64(2534), np.int64(10156)]"
CJXP8X,index,"[np.int64(2535), np.int64(4582)]"
CJXP8X,bag_color,"['red', 'white']"
2M7TAM,index,"[np.int64(2554), np.int64(9138)]"
2M7TAM,bag_color,"['red', 'white']"
K371A9,index,"[np.int64(2556), np.int64(12692)]"
M7IYX0,index,"[np.int64(2557), np.int64(13781)]"
M7IYX0,bag_color,"['red', 'green']"
3KILDA,index,"[np.int64(2560), np.int64(3012)]"
3KILDA,bag_color,"['white', 'black']"
A86JN0,index,"[np.int64(2562), np.int64(15178)]"
A86JN0,bag_color,"['red', 'yellow']"
I9QU41,index,"[np.int64(2564), np.int64(14117)]"
I9QU41,bag_color,"['blue', 'red']"
C89M3J,index,"[np.int64(2580), np.int64(15328)]"
C89M3J,bag_color,"['white', 'black']"
WMR8O3,index,"[np.int64(2582), np.int64(6438)]"
WMR8O3,bag_color,"['white', 'black']"
3BGDAT,index,"[np.int64(2585), np.int64(8882)]"
90XOMO,index,"[np.int64(2601), np.int64(11238)]"
90XOMO,bag_color,"['yellow', 'green']"
6A44G3,index,"[np.int64(2611), np.int64(9227)]"
6A44G3,bag_color,"['black', 'white']"
JIOT0G,index,"[np.int64(2634), np.int64(6570)]"
JIOT0G,bag_color,"['green', 'white']"
VYHN21,index,"[np.int64(2636), np.int64(10777)]"
VYHN21,bag_color,"['blue', 'black']"
1INPVN,index,"[np.int64(2641), np.int64(12165)]"
1INPVN,bag_color,"['blue', 'white']"
S4BUCS,index,"[np.int64(2677), np.int64(13866)]"
S4BUCS,bag_color,"['blue', 'red']"
D4POWG,index,"[np.int64(2679), np.int64(9171)]"
J9NTTW,index,"[np.int64(2692), np.int64(11627)]"
J9NTTW,bag_color,"['red', 'blue']"
Z3OOR8,index,"[np.int64(2704), np.int64(10269)]"
Z3OOR8,bag_color,"['black', 'white']"
76POLN,index,"[np.int64(2706), np.int64(4202)]"
76POLN,bag_color,"['white', 'red']"
KW73YI,index,"[np.int64(2711), np.int64(4606)]"
KW73YI,bag_color,"['red', 'white']"
9POG4V,index,"[np.int64(2721), np.int64(6152)]"
9POG4V,bag_color,"['white', 'red']"
95EVO4,index,"[np.int64(2722), np.int64(12090)]"
95EVO4,bag_color,"['black', 'red']"
GNQG14,index,"[np.int64(2726), np.int64(9925)]"
GNQG14,bag_color,"['green', 'yellow']"
KHNRXL,index,"[np.int64(2731), np.int64(8954)]"
KHNRXL,bag_color,"['black', 'yellow']"
YUPI42,index,"[np.int64(2736), np.int64(3155)]"
YUPI42,bag_color,"['red', 'blue']"
2ZJ25V,index,"[np.int64(2739), np.int64(11617)]"
2ZJ25V,bag_color,"['white', 'red']"
GGR48A,index,"[np.int64(2749), np.int64(15658)]"
GGR48A,bag_color,"['blue', 'yellow']"
D4SVVS,index,"[np.int64(2754), np.int64(4407)]"
D4SVVS,bag_color,"['blue', 'red']"
F4H1C7,index,"[np.int64(2757), np.int64(5239)]"
F4H1C7,bag_color,"['yellow', 'green']"
11V0BQ,index,"[np.int64(2763), np.int64(12347)]"
11V0BQ,bag_color,"['white', 'black']"
X3ENDN,index,"[np.int64(2770), np.int64(11923)]"
X3ENDN,bag_color,"['yellow', 'blue']"
BM4XBA,index,"[np.int64(2788), np.int64(14820)]"
BM4XBA,bag_color,"['yellow', 'black']"
A4KQ85,index,"[np.int64(2800), np.int64(4919)]"
7TIIOB,index,"[np.int64(2809), np.int64(15023)]"
7TIIOB,bag_color,"['yellow', 'black']"
BXYUV1,index,"[np.int64(2831), np.int64(15581)]"
BXYUV1,bag_color,"['green', 'white']"
6J7XKL,index,"[np.int64(2848), np.int64(4175)]"
6J7XKL,bag_color,"['red', 'white']"
L5GXO6,index,"[np.int64(2859), np.int64(15447)]"
L5GXO6,bag_color,"['red', 'black']"
6WNBSG,index,"[np.int64(2862), np.int64(14215)]"
6WNBSG,bag_color,"['green', 'yellow']"
MCO9BB,index,"[np.int64(2878), np.int64(15875)]"
JS4ET6,index,"[np.int64(2884), np.int64(15449)]"
JS4ET6,bag_color,"['green', 'white']"
IRY10R,index,"[np.int64(2894), np.int64(12537)]"
5QFZKZ,index,"[np.int64(2900), np.int64(11279)]"
5QFZKZ,bag_color,"['green', 'blue']"
RA1L26,index,"[np.int64(2911), np.int64(13812)]"
RA1L26,bag_color,"['white', 'yellow']"
7CWRIV,index,"[np.int64(2939), np.int64(7349)]"
7CWRIV,bag_color,"['yellow', 'white']"
SRY4CW,index,"[np.int64(2989), np.int64(4294)]"
SRY4CW,bag_color,"['red', 'blue']"
I81ZC3,index,"[np.int64(3020), np.int64(11917)]"
I81ZC3,bag_color,"['black', 'red']"
ZC20KN,index,"[np.int64(3033), np.int64(6374)]"
ZC20KN,bag_color,"['black', 'red']"
Y7JOHW,index,"[np.int64(3047), np.int64(8422)]"
HPDKNC,index,"[np.int64(3051), np.int64(11284)]"
HPDKNC,bag_color,"['green', 'black']"
3457H0,index,"[np.int64(3059), np.int64(15494)]"
3457H0,bag_color,"['green', 'blue']"
TP28JA,index,"[np.int64(3068), np.int64(10286)]"
TP28JA,bag_color,"['green', 'yellow']"
780QOV,index,"[np.int64(3074), np.int64(11621)]"
780QOV,bag_color,"['black', 'white']"
E7EIT0,index,"[np.int64(3088), np.int64(10400)]"
E7EIT0,bag_color,"['green', 'blue']"
NN62UX,index,"[np.int64(3089), np.int64(9107)]"
NN62UX,bag_color,"['black', 'white']"
TYFL6J,index,"[np.int64(3099), np.int64(11737)]"
TYFL6J,bag_color,"['black', 'red']"
4Z3ZZ7,index,"[np.int64(3116), np.int64(11062)]"
4Z3ZZ7,bag_color,"['white', 'yellow']"
E06QGZ,index,"[np.int64(3156), np.int64(4475)]"
E06QGZ,bag_color,"['yellow', 'blue']"
GQQFT1,index,"[np.int64(3168), np.int64(10320)]"
GQQFT1,bag_color,"['red', 'blue']"
ZUGVXE,index,"[np.int64(3187), np.int64(7511)]"
ZUGVXE,bag_color,"['blue', 'red']"
NCGXNS,index,"[np.int64(3195), np.int64(6685)]"
NCGXNS,bag_color,"['blue', 'red']"
OI2NOV,index,"[np.int64(3210), np.int64(4779)]"
OI2NOV,bag_color,"['red', 'yellow']"
TPEU1I,index,"[np.int64(3216), np.int64(8716)]"
TPEU1I,bag_color,"['black', 'green']"
CYNA5N,index,"[np.int64(3220), np.int64(3673)]"
CYNA5N,bag_color,"['blue', 'green']"
V6VAFL,index,"[np.int64(3242), np.int64(11402)]"
V6VAFL,bag_color,"['red', 'green']"
P0QO1Z,index,"[np.int64(3246), np.int64(11211)]"
P8X388,index,"[np.int64(3267), np.int64(3340)]"
2YJGYZ,index,"[np.int64(3271), np.int64(8927)]"
GPIYTY,index,"[np.int64(3273), np.int64(9121)]"
GPIYTY,bag_color,"['white', 'yellow']"
0R3MO8,index,"[np.int64(3274), np.int64(4509)]"
0R3MO8,bag_color,"['black', 'green']"
XQOEYS,index,"[np.int64(3277), np.int64(13302)]"
XQOEYS,bag_color,"['yellow', 'black']"
GX8QY3,index,"[np.int64(3295), np.int64(15345)]"
OHRYDB,index,"[np.int64(3301), np.int64(15570)]"
OHRYDB,bag_color,"['yellow', 'blue']"
ZGGAY0,index,"[np.int64(3306), np.int64(7533)]"
ZGGAY0,bag_color,"['yellow', 'black']"
4Q2RCY,index,"[np.int64(3317), np.int64(12071)]"
4Q2RCY,bag_color,"['blue', 'red']"
JGWFQ8,index,"[np.int64(3350), np.int64(5431)]"
39MNA3,index,"[np.int64(3355), np.int64(7348)]"
USGINP,index,"[np.int64(3357), np.int64(6119)]"
USGINP,bag_color,"['green', 'white']"
Q2XPVT,index,"[np.int64(3364), np.int64(9386)]"
Q2XPVT,bag_color,"['green', 'white']"
XYF1H6,index,"[np.int64(3366), np.int64(11688)]"
XYF1H6,bag_color,"['white', 'blue']"
ST2586,index,"[np.int64(3367), np.int64(13518)]"
ST2586,bag_color,"['green', 'white']"
RS097Z,index,"[np.int64(3369), np.int64(15697)]"
RS097Z,bag_color,"['yellow', 'green']"
FEAWP4,index,"[np.int64(3385), np.int64(5391)]"
17ZHO1,index,"[np.int64(3392), np.int64(7105)]"
17ZHO1,bag_color,"['blue', 'black']"
4MD49W,index,"[np.int64(3400), np.int64(12333)]"
4MD49W,bag_color,"['red', 'black']"
IMH10S,index,"[np.int64(3407), np.int64(14194)]"
IMH10S,bag_color,"['black', 'red']"
11SROE,index,"[np.int64(3432), np.int64(12367)]"
11SROE,bag_color,"['yellow', 'red']"
CPZPV6,index,"[np.int64(3437), np.int64(6033)]"
CPZPV6,bag_color,"['white', 'yellow']"
GYH9Y9,index,"[np.int64(3480), np.int64(4554)]"
GYH9Y9,bag_color,"['red', 'green']"
PZF2HL,index,"[np.int64(3489), np.int64(8790)]"
AS5GFK,index,"[np.int64(3501), np.int64(11661)]"
D3NP5G,index,"[np.int64(3515), np.int64(6367)]"
RZMBTY,index,"[np.int64(3519), np.int64(11596)]"
RZMBTY,bag_color,"['yellow', 'white']"
AAHW5U,index,"[np.int64(3520), np.int64(14781)]"
NS798C,index,"[np.int64(3524), np.int64(12881)]"
NS798C,bag_color,"['blue', 'white']"
5XBR59,index,"[np.int64(3536), np.int64(5348)]"
5XBR59,bag_color,"['blue', 'black']"
HTZ0RX,index,"[np.int64(3537), np.int64(5752)]"
HTZ0RX,bag_color,"['white', 'yellow']"
4KK35L,index,"[np.int64(3541), np.int64(5669)]"
4KK35L,bag_color,"['black', 'red']"
3P2BQU,index,"[np.int64(3547), np.int64(7973)]"
T12C54,index,"[np.int64(3555), np.int64(15478)]"
9VMVYU,index,"[np.int64(3561), np.int64(4553)]"
PK60TK,index,"[np.int64(3597), np.int64(9298)]"
PK60TK,bag_color,"['black', 'yellow']"
ASCV5P,index,"[np.int64(3598), np.int64(13370)]"
ASCV5P,bag_color,"['black', 'yellow']"
4S4Q0J,index,"[np.int64(3603), np.int64(7240)]"
4S4Q0J,bag_color,"['green', 'black']"
FAG6CO,index,"[np.int64(3607), np.int64(10722)]"
FAG6CO,bag_color,"['white', 'black']"
WJG7DZ,index,"[np.int64(3631), np.int64(6509)]"
WJG7DZ,bag_color,"['yellow', 'black']"
D88SIC,index,"[np.int64(3635), np.int64(13192)]"
WYFI5Y,index,"[np.int64(3645), np.int64(11470)]"
WYFI5Y,bag_color,"['blue', 'yellow']"
0VM09D,index,"[np.int64(3651), np.int64(11766)]"
Z7FKHD,index,"[np.int64(3672), np.int64(11683)]"
BH0ZAY,index,"[np.int64(3676), np.int64(4961)]"
BH0ZAY,bag_color,"['green', 'white']"
VKMGFE,index,"[np.int64(3678), np.int64(7735)]"
VKMGFE,bag_color,"['red', 'yellow']"
EO8F9A,index,"[np.int64(3680), np.int64(3980)]"
EO8F9A,bag_color,"['black', 'white']"
QK1PR5,index,"[np.int64(3704), np.int64(7579)]"
QK1PR5,bag_color,"['green', 'red']"
UUQDEZ,index,"[np.int64(3716), np.int64(10662)]"
UUQDEZ,bag_color,"['black', 'yellow']"
U3R7VW,index,"[np.int64(3717), np.int64(14996)]"
U3R7VW,bag_color,"['black', 'red']"
AX1U3L,index,"[np.int64(3755), np.int64(15783)]"
AX1U3L,bag_color,"['green', 'red']"
SC241Y,index,"[np.int64(3760), np.int64(10391)]"
SC241Y,bag_color,"['red', 'white']"
LMWVQC,index,"[np.int64(3774), np.int64(9712)]"
T0FJJB,index,"[np.int64(3794), np.int64(11592)]"
T0FJJB,bag_color,"['green', 'blue']"
BE65U4,index,"[np.int64(3797), np.int64(9891)]"
BE65U4,bag_color,"['white', 'green']"
SZ3TKT,index,"[np.int64(3801), np.int64(10931)]"
6879G2,index,"[np.int64(3830), np.int64(4670)]"
EKKTYF,index,"[np.int64(3836), np.int64(4661)]"
1G5005,index,"[np.int64(3849), np.int64(5155)]"
1G5005,bag_color,"['green', 'red']"
RC4ES3,index,"[np.int64(3862), np.int64(11919)]"
RC4ES3,bag_color,"['black', 'blue']"
7IHMP9,index,"[np.int64(3876), np.int64(8130)]"
7IHMP9,bag_color,"['yellow', 'red']"
QED1V3,index,"[np.int64(3893), np.int64(7792)]"
QED1V3,bag_color,"['black', 'blue']"
4FMMO6,index,"[np.int64(3903), np.int64(11673)]"
4FMMO6,bag_color,"['blue', 'green']"
KD8W5K,index,"[np.int64(3969), np.int64(14001)]"
KD8W5K,bag_color,"['yellow', 'white']"
NDCRQS,index,"[np.int64(3992), np.int64(7446)]"
NDCRQS,bag_color,"['white', 'blue']"
W4N9H7,index,"[np.int64(3994), np.int64(10992)]"
HMVY39,index,"[np.int64(4020), np.int64(14492)]"
HMVY39,bag_color,"['blue', 'yellow']"
S3QBP1,index,"[np.int64(4037), np.int64(6394)]"
S3QBP1,bag_color,"['red', 'black']"
4P9MTE,index,"[np.int64(4063), np.int64(4125)]"
STRDMJ,index,"[np.int64(4077), np.int64(6432)]"
STRDMJ,bag_color,"['red', 'black']"
SSQO7P,index,"[np.int64(4122), np.int64(9275)]"
NSG6G7,index,"[np.int64(4166), np.int64(11048)]"
NSG6G7,bag_color,"['black', 'white']"
H5Y11Z,index,"[np.int64(4168), np.int64(8357)]"
H5Y11Z,bag_color,"['blue', 'red']"
1IG7DE,index,"[np.int64(4174), np.int64(13718)]"
1IG7DE,bag_color,"['yellow', 'green']"
OZODLN,index,"[np.int64(4180), np.int64(8590)]"
OZODLN,bag_color,"['yellow', 'black']"
UBO5AE,index,"[np.int64(4192), np.int64(6868)]"
UBO5AE,bag_color,"['yellow', 'white']"
P8XOO3,index,"[np.int64(4210), np.int64(5152)]"
P8XOO3,bag_color,"['blue', 'white']"
IMAS2T,index,"[np.int64(4215), np.int64(11347)]"
IMAS2T,bag_color,"['green', 'red']"
RD111V,index,"[np.int64(4224), np.int64(4948)]"
RD111V,bag_color,"['white', 'blue']"
F38WWU,index,"[np.int64(4244), np.int64(5228)]"
F38WWU,bag_color,"['yellow', 'green']"
JMOYOY,index,"[np.int64(4267), np.int64(7939)]"
JMOYOY,bag_color,"['red', 'blue']"
6N9GRC,index,"[np.int64(4279), np.int64(5549)]"
6N9GRC,bag_color,"['blue', 'green']"
QBNJKU,index,"[np.int64(4288), np.int64(8204)]"
QBNJKU,bag_color,"['blue', 'black']"
Y7Y3SE,index,"[np.int64(4295), np.int64(6895)]"
02RSAH,index,"[np.int64(4303), np.int64(9172)]"
02RSAH,bag_color,"['yellow', 'green']"
UEC5NE,index,"[np.int64(4332), np.int64(6135)]"
UEC5NE,bag_color,"['blue', 'red']"
H2S2Q5,index,"[np.int64(4361), np.int64(9607)]"
H2S2Q5,bag_color,"['red', 'green']"
V7P2ZB,index,"[np.int64(4365), np.int64(6836)]"
V7P2ZB,bag_color,"['red', 'white']"
N37WRP,index,"[np.int64(4379), np.int64(8626)]"
N37WRP,bag_color,"['blue', 'yellow']"
WSU99W,index,"[np.int64(4383), np.int64(14354)]"
WSU99W,bag_color,"['red', 'yellow']"
VQNAZV,index,"[np.int64(4400), np.int64(12890)]"
VQNAZV,bag_color,"['yellow', 'red']"
WALHKF,index,"[np.int64(4402), np.int64(8761)]"
WALHKF,bag_color,"['yellow', 'white']"
5GBTDO,index,"[np.int64(4412), np.int64(7303)]"
5GBTDO,bag_color,"['white', 'blue']"
YM1J56,index,"[np.int64(4415), np.int64(5996)]"
YM1J56,bag_color,"['white', 'green']"
ZZICEC,index,"[np.int64(4429), np.int64(9953)]"
ZZICEC,bag_color,"['green', 'blue']"
DLJLNL,index,"[np.int64(4440), np.int64(7259)]"
DLJLNL,bag_color,"['red', 'blue']"
DHGCMD,index,"[np.int64(4449), np.int64(11936)]"
9GIGZA,index,"[np.int64(4463), np.int64(4918)]"
9GIGZA,bag_color,"['blue', 'black']"
WAHKX7,index,"[np.int64(4493), np.int64(5994)]"
WAHKX7,bag_color,"['green', 'blue']"
ZR1W4F,index,"[np.int64(4495), np.int64(4645)]"
ZR1W4F,bag_color,"['white', 'black']"
DBC41Q,index,"[np.int64(4521), np.int64(4631)]"
DBC41Q,bag_color,"['red', 'blue']"
DPBXHA,index,"[np.int64(4571), np.int64(10608)]"
DPBXHA,bag_color,"['blue', 'green']"
ZMJQH3,index,"[np.int64(4573), np.int64(6436)]"
ZMJQH3,bag_color,"['red', 'yellow']"
W5ASQP,index,"[np.int64(4604), np.int64(11445)]"
W5ASQP,bag_color,"['yellow', 'white']"
YCHGD1,index,"[np.int64(4650), np.int64(8606)]"
YCHGD1,bag_color,"['white', 'red']"
8L13ZJ,index,"[np.int64(4651), np.int64(6223)]"
8L13ZJ,bag_color,"['green', 'yellow']"
ZQE17J,index,"[np.int64(4655), np.int64(6822)]"
ZQE17J,bag_color,"['green', 'black']"
AXRXIZ,index,"[np.int64(4673), np.int64(8896)]"
OTM3EL,index,"[np.int64(4686), np.int64(7187)]"
OTM3EL,bag_color,"['red', 'white']"
ILM8KQ,index,"[np.int64(4689), np.int64(7253)]"
ILM8KQ,bag_color,"['green', 'yellow']"
9ODFA2,index,"[np.int64(4701), np.int64(14699)]"
XDTN0F,index,"[np.int64(4713), np.int64(15194)]"
XDTN0F,bag_color,"['white', 'green']"
Z8JTEX,index,"[np.int64(4717), np.int64(10426)]"
Z8JTEX,bag_color,"['blue', 'black']"
784VJP,index,"[np.int64(4733), np.int64(9616)]"
784VJP,bag_color,"['red', 'blue']"
A454QP,index,"[np.int64(4741), np.int64(8678)]"
A454QP,bag_color,"['green', 'blue']"
4DR8FO,index,"[np.int64(4759), np.int64(7528)]"
4DR8FO,bag_color,"['blue', 'green']"
X859JQ,index,"[np.int64(4765), np.int64(9594)]"
X859JQ,bag_color,"['green', 'white']"
8JRAEU,index,"[np.int64(4778), np.int64(7622)]"
YBKLP8,index,"[np.int64(4782), np.int64(13343)]"
O0RSCE,index,"[np.int64(4784), np.int64(14649)]"
O0RSCE,bag_color,"['red', 'green']"
W11UO8,index,"[np.int64(4792), np.int64(13899)]"
6K37P0,index,"[np.int64(4801), np.int64(10982)]"
6K37P0,bag_color,"['red', 'black']"
UCYK4W,index,"[np.int64(4802), np.int64(14620)]"
UCYK4W,bag_color,"['yellow', 'red']"
39NTPC,index,"[np.int64(4821), np.int64(13057)]"
NQCQB4,index,"[np.int64(4822), np.int64(5902)]"
NQCQB4,bag_color,"['green', 'blue']"
0W4VMS,index,"[np.int64(4825), np.int64(5415)]"
X7GGWH,index,"[np.int64(4829), np.int64(10700)]"
X7GGWH,bag_color,"['black', 'white']"
2CJF15,index,"[np.int64(4852), np.int64(7899)]"
2CJF15,bag_color,"['green', 'red']"
I7D19G,index,"[np.int64(4866), np.int64(13786)]"
I7D19G,bag_color,"['yellow', 'white']"
AZZ61V,index,"[np.int64(4868), np.int64(8616)]"
AZZ61V,bag_color,"['red', 'yellow']"
IMTMYS,index,"[np.int64(4876), np.int64(11851)]"
IMTMYS,bag_color,"['green', 'red']"
9I4IGV,index,"[np.int64(4896), np.int64(12926)]"
34XQIE,index,"[np.int64(4897), np.int64(12762)]"
34XQIE,bag_color,"['red', 'yellow']"
QG8WVF,index,"[np.int64(4959), np.int64(15057)]"
QG8WVF,bag_color,"['yellow', 'green']"
6H1NS2,index,"[np.int64(4973), np.int64(9110)]"
6H1NS2,bag_color,"['black', 'yellow']"
X4EUYC,index,"[np.int64(4983), np.int64(8108)]"
X4EUYC,bag_color,"['blue', 'white']"
M8WZ0P,index,"[np.int64(4985), np.int64(13350)]"
M9CR0E,index,"[np.int64(5017), np.int64(13009)]"
M9CR0E,bag_color,"['red', 'blue']"
SY056E,index,"[np.int64(5023), np.int64(14418)]"
767ZJT,index,"[np.int64(5033), np.int64(14517)]"
767ZJT,bag_color,"['black', 'white']"
2L5I46,index,"[np.int64(5039), np.int64(14398)]"
2L5I46,bag_color,"['black', 'red']"
BKS5M6,index,"[np.int64(5048), np.int64(11467)]"
BKS5M6,bag_color,"['black', 'red']"
PLHCHE,index,"[np.int64(5063), np.int64(12798)]"
TZYTSW,index,"[np.int64(5069), np.int64(9802)]"
TZYTSW,bag_color,"['red', 'white']"
CLVCZT,index,"[np.int64(5080), np.int64(15780)]"
CLVCZT,bag_color,"['yellow', 'green']"
WN2G7G,index,"[np.int64(5098), np.int64(14233)]"
G18N2Q,index,"[np.int64(5138), np.int64(15857)]"
G18N2Q,bag_color,"['green', 'yellow']"
J0FMUC,index,"[np.int64(5144), np.int64(8219)]"
J0FMUC,bag_color,"['yellow', 'white']"
WKLHRK,index,"[np.int64(5166), np.int64(11888)]"
YQX3LS,index,"[np.int64(5208), np.int64(5835)]"
YQX3LS,bag_color,"['green', 'yellow']"
5DUBZJ,index,"[np.int64(5217), np.int64(6120)]"
5DUBZJ,bag_color,"['black', 'yellow']"
KWH4C6,index,"[np.int64(5289), np.int64(13353)]"
KWH4C6,bag_color,"['blue', 'black']"
AFDEG7,index,"[np.int64(5311), np.int64(15722)]"
AFDEG7,bag_color,"['blue', 'white']"
FCR3XP,index,"[np.int64(5319), np.int64(7405)]"
FCR3XP,bag_color,"['blue', 'white']"
2A6KJ5,index,"[np.int64(5341), np.int64(10298)]"
2A6KJ5,bag_color,"['green', 'yellow']"
5VGHQT,index,"[np.int64(5349), np.int64(9405)]"
5VGHQT,bag_color,"['white', 'black']"
C8LUW0,index,"[np.int64(5357), np.int64(10008)]"
C8LUW0,bag_color,"['white', 'blue']"
4NBAT8,index,"[np.int64(5364), np.int64(8131)]"
FLGZW4,index,"[np.int64(5393), np.int64(8890)]"
FLGZW4,bag_color,"['yellow', 'green']"
VT4SMX,index,"[np.int64(5420), np.int64(15393)]"
FBGTE7,index,"[np.int64(5433), np.int64(5443)]"
FBGTE7,bag_color,"['yellow', 'red']"
SBFSKL,index,"[np.int64(5462), np.int64(8568)]"
SBFSKL,bag_color,"['black', 'white']"
TWEUDV,index,"[np.int64(5467), np.int64(6060)]"
TWEUDV,bag_color,"['yellow', 'black']"
2EIWZW,index,"[np.int64(5474), np.int64(7477)]"
2EIWZW,bag_color,"['blue', 'yellow']"
JBHC91,index,"[np.int64(5487), np.int64(7236)]"
SQUCWO,index,"[np.int64(5508), np.int64(9674)]"
SQUCWO,bag_color,"['green', 'white']"
X4ICOO,index,"[np.int64(5509), np.int64(12739)]"
X4ICOO,bag_color,"['yellow', 'blue']"
942H64,index,"[np.int64(5510), np.int64(11428)]"
6KIQ32,index,"[np.int64(5515), np.int64(9530)]"
00811H,index,"[np.int64(5534), np.int64(12290)]"
00811H,bag_color,"['green', 'white']"
CJ2ITO,index,"[np.int64(5546), np.int64(15866)]"
CJ2ITO,bag_color,"['red', 'blue']"
1AMT8N,index,"[np.int64(5550), np.int64(14097)]"
1AMT8N,bag_color,"['red', 'blue']"
WGP46B,index,"[np.int64(5557), np.int64(13699)]"
WGP46B,bag_color,"['black', 'blue']"
7UFIUD,index,"[np.int64(5560), np.int64(7904)]"
7UFIUD,bag_color,"['blue', 'black']"
EU7NM2,index,"[np.int64(5563), np.int64(14352)]"
EU7NM2,bag_color,"['blue', 'green']"
MYCV29,index,"[np.int64(5569), np.int64(14926)]"
MYCV29,bag_color,"['white', 'yellow']"
1CDWIQ,index,"[np.int64(5578), np.int64(9189)]"
1CDWIQ,bag_color,"['white', 'yellow']"
PEN6OT,index,"[np.int64(5592), np.int64(6824)]"
PEN6OT,bag_color,"['blue', 'red']"
BGIP4M,index,"[np.int64(5608), np.int64(13307)]"
BGIP4M,bag_color,"['blue', 'green']"
KF8BR9,index,"[np.int64(5629), np.int64(10039)]"
KF8BR9,bag_color,"['black', 'blue']"
VOA359,index,"[np.int64(5670), np.int64(9090)]"
VOA359,bag_color,"['white', 'red']"
SWIXWE,index,"[np.int64(5680), np.int64(12267)]"
SWIXWE,bag_color,"['black', 'blue']"
U6BSY6,index,"[np.int64(5696), np.int64(11886)]"
U6BSY6,bag_color,"['yellow', 'green']"
5QL038,index,"[np.int64(5699), np.int64(6255)]"
5QL038,bag_color,"['green', 'white']"
UDGKD5,index,"[np.int64(5711), np.int64(13050)]"
UDGKD5,bag_color,"['yellow', 'white']"
QEC4QE,index,"[np.int64(5718), np.int64(12142)]"
QEC4QE,bag_color,"['blue', 'white']"
3HGYX5,index,"[np.int64(5725), np.int64(12554)]"
3HGYX5,bag_color,"['blue', 'green']"
T0ZBM5,index,"[np.int64(5744), np.int64(13477)]"
T0ZBM5,bag_color,"['green', 'red']"
WWTQ82,index,"[np.int64(5769), np.int64(9345)]"
E3HEEK,index,"[np.int64(5772), np.int64(13100)]"
E3HEEK,bag_color,"['blue', 'green']"
XU8X2O,index,"[np.int64(5794), np.int64(9237)]"
XU8X2O,bag_color,"['white', 'red']"
ZGPEM4,index,"[np.int64(5797), np.int64(9112)]"
ZGPEM4,bag_color,"['red', 'blue']"
LRPM9C,index,"[np.int64(5803), np.int64(15761)]"
LRPM9C,bag_color,"['yellow', 'green']"
ICQ5NG,index,"[np.int64(5810), np.int64(9073)]"
ICQ5NG,bag_color,"['blue', 'red']"
7NB3DN,index,"[np.int64(5817), np.int64(8895)]"
TT4XJU,index,"[np.int64(5823), np.int64(8580)]"
TT4XJU,bag_color,"['blue', 'white']"
7M6BSB,index,"[np.int64(5869), np.int64(10947)]"
7M6BSB,bag_color,"['yellow', 'green']"
7UFMLY,index,"[np.int64(5870), np.int64(9547)]"
7UFMLY,bag_color,"['white', 'yellow']"
KDOORW,index,"[np.int64(5885), np.int64(15014)]"
KDOORW,bag_color,"['red', 'black']"
61GAWW,index,"[np.int64(5904), np.int64(15855)]"
61GAWW,bag_color,"['black', 'white']"
467I44,index,"[np.int64(5909), np.int64(11377)]"
467I44,bag_color,"['blue', 'green']"
GMTL3N,index,"[np.int64(5932), np.int64(7440)]"
GMTL3N,bag_color,"['black', 'green']"
L7L0RK,index,"[np.int64(5933), np.int64(12961)]"
L7L0RK,bag_color,"['blue', 'red']"
D0AI2B,index,"[np.int64(5981), np.int64(10315)]"
1ICS4I,index,"[np.int64(5988), np.int64(13626)]"
1ICS4I,bag_color,"['black', 'blue']"
5R392A,index,"[np.int64(6020), np.int64(8083)]"
5R392A,bag_color,"['red', 'blue']"
8LDTFT,index,"[np.int64(6028), np.int64(15817)]"
8LDTFT,bag_color,"['black', 'blue']"
CUGUBX,index,"[np.int64(6031), np.int64(8071)]"
Z8DZAD,index,"[np.int64(6032), np.int64(6269)]"
Z8DZAD,bag_color,"['black', 'blue']"
CUPO3Y,index,"[np.int64(6059), np.int64(13815)]"
CUPO3Y,bag_color,"['black', 'yellow']"
1KGNR8,index,"[np.int64(6062), np.int64(15547)]"
1KGNR8,bag_color,"['yellow', 'blue']"
HM71K1,index,"[np.int64(6076), np.int64(9517)]"
HM71K1,bag_color,"['yellow', 'black']"
9R7BR0,index,"[np.int64(6095), np.int64(12251)]"
F064U2,index,"[np.int64(6113), np.int64(7443)]"
F064U2,bag_color,"['black', 'green']"
X3IBHI,index,"[np.int64(6118), np.int64(9068)]"
X3IBHI,bag_color,"['yellow', 'blue']"
NAL739,index,"[np.int64(6124), np.int64(13152)]"
NAL739,bag_color,"['white', 'red']"
Q9TF2P,index,"[np.int64(6126), np.int64(11502)]"
Q9TF2P,bag_color,"['white', 'yellow']"
56L4FT,index,"[np.int64(6127), np.int64(12794)]"
56L4FT,bag_color,"['black', 'red']"
GD80JW,index,"[np.int64(6145), np.int64(14877)]"
S2EJY7,index,"[np.int64(6146), np.int64(13773)]"
S2EJY7,bag_color,"['blue', 'red']"
EAV77P,index,"[np.int64(6149), np.int64(14892)]"
EAV77P,bag_color,"['blue', 'black']"
X5JD48,index,"[np.int64(6150), np.int64(7701)]"
X5JD48,bag_color,"['black', 'red']"
DIDTN9,index,"[np.int64(6161), np.int64(14967)]"
DIDTN9,bag_color,"['yellow', 'white']"
4TSXSR,index,"[np.int64(6176), np.int64(10427)]"
4TSXSR,bag_color,"['white', 'blue']"
RTPIDN,index,"[np.int64(6199), np.int64(6714)]"
RTPIDN,bag_color,"['red', 'white']"
JD22MB,index,"[np.int64(6202), np.int64(8840)]"
JD22MB,bag_color,"['red', 'green']"
262L6N,index,"[np.int64(6203), np.int64(11833)]"
262L6N,bag_color,"['white', 'yellow']"
4BT8QH,index,"[np.int64(6221), np.int64(13562)]"
4BT8QH,bag_color,"['red', 'blue']"
HEKGIP,index,"[np.int64(6231), np.int64(11773)]"
HEKGIP,bag_color,"['white', 'blue']"
9TEHTR,index,"[np.int64(6239), np.int64(9445)]"
ZQE41N,index,"[np.int64(6265), np.int64(6834)]"
ZQE41N,bag_color,"['black', 'red']"
U5EXKA,index,"[np.int64(6271), np.int64(9853)]"
U5EXKA,bag_color,"['red', 'white']"
Q6B2ZH,index,"[np.int64(6286), np.int64(11437)]"
Q6B2ZH,bag_color,"['black', 'white']"
B4GH5C,index,"[np.int64(6321), np.int64(14510)]"
B4GH5C,bag_color,"['blue', 'green']"
MKOLOB,index,"[np.int64(6329), np.int64(10324)]"
MKOLOB,bag_color,"['yellow', 'white']"
WGMLR6,index,"[np.int64(6357), np.int64(7625)]"
WGMLR6,bag_color,"['yellow', 'black']"
713TT1,index,"[np.int64(6365), np.int64(11293)]"
1JF5MF,index,"[np.int64(6379), np.int64(14394)]"
1JF5MF,bag_color,"['blue', 'yellow']"
H9KJUR,index,"[np.int64(6381), np.int64(11561)]"
H9KJUR,bag_color,"['red', 'black']"
4OLRVG,index,"[np.int64(6386), np.int64(12734)]"
4OLRVG,bag_color,"['black', 'green']"
7QCBXP,index,"[np.int64(6396), np.int64(11525)]"
7QCBXP,bag_color,"['white', 'yellow']"
QHKTV4,index,"[np.int64(6414), np.int64(8755)]"
QHKTV4,bag_color,"['blue', 'black']"
ASDVRA,index,"[np.int64(6418), np.int64(14983)]"
ASDVRA,bag_color,"['yellow', 'blue']"
CEBNY2,index,"[np.int64(6439), np.int64(8221)]"
XX2CMZ,index,"[np.int64(6470), np.int64(9366)]"
XX2CMZ,bag_color,"['white', 'blue']"
XVALGO,index,"[np.int64(6474), np.int64(12676)]"
XVALGO,bag_color,"['blue', 'green']"
LM0LFL,index,"[np.int64(6479), np.int64(13478)]"
LM0LFL,bag_color,"['blue', 'black']"
TAJ9ZY,index,"[np.int64(6505), np.int64(9103)]"
TAJ9ZY,bag_color,"['white', 'black']"
3788PY,index,"[np.int64(6520), np.int64(12663)]"
3788PY,bag_color,"['black', 'green']"
TYAQ4U,index,"[np.int64(6527), np.int64(12842)]"
TYAQ4U,bag_color,"['blue', 'white']"
7FI5S5,index,"[np.int64(6528), np.int64(13938)]"
7FI5S5,bag_color,"['yellow', 'white']"
GIDQST,index,"[np.int64(6539), np.int64(13404)]"
GIDQST,bag_color,"['white', 'green']"
A2Q126,index,"[np.int64(6549), np.int64(8351)]"
A2Q126,bag_color,"['red', 'yellow']"
7EIU8P,index,"[np.int64(6559), np.int64(7128)]"
7EIU8P,bag_color,"['green', 'yellow']"
7INVX5,index,"[np.int64(6564), np.int64(7660)]"
7INVX5,bag_color,"['yellow', 'red']"
P9KIAH,index,"[np.int64(6587), np.int64(10470)]"
P9KIAH,bag_color,"['yellow', 'white']"
VTSSE0,index,"[np.int64(6606), np.int64(15183)]"
VTSSE0,bag_color,"['white', 'green']"
FQR1TO,index,"[np.int64(6617), np.int64(14306)]"
WI84CH,index,"[np.int64(6625), np.int64(13569)]"
WI84CH,bag_color,"['red', 'blue']"
W46GBE,index,"[np.int64(6643), np.int64(15412)]"
W46GBE,bag_color,"['white', 'yellow']"
ZGVJX8,index,"[np.int64(6654), np.int64(15127)]"
ZGVJX8,bag_color,"['green', 'black']"
XF9O9Q,index,"[np.int64(6663), np.int64(12579)]"
XF9O9Q,bag_color,"['yellow', 'white']"
EE7OMH,index,"[np.int64(6664), np.int64(10504)]"
EE7OMH,bag_color,"['white', 'black']"
OAL1DO,index,"[np.int64(6719), np.int64(11791)]"
OAL1DO,bag_color,"['yellow', 'blue']"
W84YI7,index,"[np.int64(6741), np.int64(12571)]"
W84YI7,bag_color,"['yellow', 'white']"
O4AZMP,index,"[np.int64(6743), np.int64(7243)]"
O4AZMP,bag_color,"['green', 'yellow']"
GW695E,index,"[np.int64(6744), np.int64(14384)]"
GW695E,bag_color,"['red', 'green']"
F4UOZV,index,"[np.int64(6747), np.int64(15789)]"
F4UOZV,bag_color,"['green', 'red']"
LRXX7A,index,"[np.int64(6760), np.int64(8253)]"
LRXX7A,bag_color,"['white', 'yellow']"
4ZPJEP,index,"[np.int64(6765), np.int64(13190)]"
4ZPJEP,bag_color,"['red', 'white']"
X00DGQ,index,"[np.int64(6802), np.int64(15443)]"
X00DGQ,bag_color,"['black', 'yellow']"
WH95DL,index,"[np.int64(6810), np.int64(8862)]"
WH95DL,bag_color,"['green', 'yellow']"
Q18GTG,index,"[np.int64(6811), np.int64(8059)]"
Q18GTG,bag_color,"['green', 'yellow']"
D07X36,index,"[np.int64(6826), np.int64(8421)]"
D07X36,bag_color,"['white', 'blue']"
TNF4QB,index,"[np.int64(6827), np.int64(10525)]"
TNF4QB,bag_color,"['white', 'green']"
3EWGYQ,index,"[np.int64(6833), np.int64(12655)]"
QFB6TC,index,"[np.int64(6835), np.int64(8640)]"
QFB6TC,bag_color,"['green', 'white']"
V16ROV,index,"[np.int64(6854), np.int64(10742)]"
MZO1UF,index,"[np.int64(6902), np.int64(7817)]"
MZO1UF,bag_color,"['yellow', 'black']"
65XOE2,index,"[np.int64(6914), np.int64(9907)]"
65XOE2,bag_color,"['black', 'red']"
GQ2Z5S,index,"[np.int64(6930), np.int64(13454)]"
GQ2Z5S,bag_color,"['black', 'blue']"
N1HAZ7,index,"[np.int64(6946), np.int64(15102)]"
D55FHU,index,"[np.int64(6954), np.int64(9567)]"
D55FHU,bag_color,"['red', 'white']"
ALMV9I,index,"[np.int64(6962), np.int64(9293)]"
ALMV9I,bag_color,"['black', 'red']"
1ED734,index,"[np.int64(6970), np.int64(11559)]"
AJRPSG,index,"[np.int64(6982), np.int64(11122)]"
XXB3E8,index,"[np.int64(7011), np.int64(10848)]"
YOX2HE,index,"[np.int64(7018), np.int64(14455)]"
YOX2HE,bag_color,"['blue', 'yellow']"
MIVCRN,index,"[np.int64(7051), np.int64(8638)]"
MIVCRN,bag_color,"['black', 'red']"
SSTUKV,index,"[np.int64(7052), np.int64(13137)]"
SSTUKV,bag_color,"['red', 'blue']"
RL0XKM,index,"[np.int64(7060), np.int64(13968)]"
RL0XKM,bag_color,"['yellow', 'black']"
LTTCJ0,index,"[np.int64(7078), np.int64(11022)]"
GOPCS7,index,"[np.int64(7097), np.int64(13176)]"
GOPCS7,bag_color,"['white', 'blue']"
70IO6T,index,"[np.int64(7114), np.int64(14521)]"
70IO6T,bag_color,"['red', 'black']"
GDXCPV,index,"[np.int64(7130), np.int64(8453)]"
GDXCPV,bag_color,"['yellow', 'green']"
9NWTXQ,index,"[np.int64(7131), np.int64(14437)]"
9NWTXQ,bag_color,"['green', 'blue']"
AD1XWQ,index,"[np.int64(7135), np.int64(14777)]"
XUCLOM,index,"[np.int64(7148), np.int64(7927)]"
XUCLOM,bag_color,"['green', 'yellow']"
SIZDNU,index,"[np.int64(7154), np.int64(11055)]"
SIZDNU,bag_color,"['green', 'blue']"
8XQLIK,index,"[np.int64(7173), np.int64(15099)]"
8XQLIK,bag_color,"['green', 'white']"
44PSBP,index,"[np.int64(7218), np.int64(12000)]"
OBUB9D,index,"[np.int64(7226), np.int64(14314)]"
OBUB9D,bag_color,"['blue', 'red']"
CDCHI6,index,"[np.int64(7229), np.int64(15055)]"
CDCHI6,bag_color,"['green', 'red']"
TE9GZN,index,"[np.int64(7269), np.int64(9576)]"
TE9GZN,bag_color,"['green', 'blue']"
CA4WOQ,index,"[np.int64(7299), np.int64(10605)]"
CA4WOQ,bag_color,"['blue', 'red']"
LCHYQV,index,"[np.int64(7300), np.int64(9420)]"
LCHYQV,bag_color,"['black', 'white']"
NY3RNS,index,"[np.int64(7306), np.int64(15440)]"
NY3RNS,bag_color,"['yellow', 'blue']"
14LSS0,index,"[np.int64(7310), np.int64(15404)]"
14LSS0,bag_color,"['green', 'yellow']"
IEQU8X,index,"[np.int64(7323), np.int64(8843)]"
IEQU8X,bag_color,"['white', 'blue']"
BQTIIK,index,"[np.int64(7328), np.int64(12427)]"
SHYKMZ,index,"[np.int64(7335), np.int64(14990)]"
SHYKMZ,bag_color,"['white', 'black']"
3EL9SR,index,"[np.int64(7340), np.int64(10652)]"
3EL9SR,bag_color,"['red', 'blue']"
CQFO8L,index,"[np.int64(7343), np.int64(8832)]"
CQFO8L,bag_color,"['black', 'blue']"
57U2MR,index,"[np.int64(7378), np.int64(11425)]"
57U2MR,bag_color,"['red', 'green']"
SZPAFT,index,"[np.int64(7418), np.int64(11978)]"
CV71CI,index,"[np.int64(7432), np.int64(14012)]"
561R13,index,"[np.int64(7444), np.int64(13466)]"
561R13,bag_color,"['white', 'black']"
FNKM7R,index,"[np.int64(7487), np.int64(13574)]"
FNKM7R,bag_color,"['white', 'yellow']"
2EGSVR,index,"[np.int64(7489), np.int64(11014)]"
JYVXX4,index,"[np.int64(7509), np.int64(9194)]"
JYVXX4,bag_color,"['black', 'green']"
P7T1MS,index,"[np.int64(7517), np.int64(14472)]"
P7T1MS,bag_color,"['blue', 'black']"
L410MC,index,"[np.int64(7551), np.int64(10374)]"
L410MC,bag_color,"['white', 'yellow']"
8P9F42,index,"[np.int64(7560), np.int64(9812)]"
8P9F42,bag_color,"['yellow', 'black']"
MNM81I,index,"[np.int64(7565), np.int64(11069)]"
MNM81I,bag_color,"['black', 'yellow']"
G7LPI7,index,"[np.int64(7570), np.int64(12015)]"
G7LPI7,bag_color,"['yellow', 'white']"
B7EN79,index,"[np.int64(7592), np.int64(14404)]"
B7EN79,bag_color,"['blue', 'white']"
Y84VP4,index,"[np.int64(7600), np.int64(11016)]"
DS0QOH,index,"[np.int64(7606), np.int64(15600)]"
DS0QOH,bag_color,"['green', 'yellow']"
5IE4NI,index,"[np.int64(7643), np.int64(13789)]"
ZS4TCG,index,"[np.int64(7658), np.int64(8036)]"
MP3IHL,index,"[np.int64(7673), np.int64(11975)]"
MP3IHL,bag_color,"['black', 'white']"
GPCXO2,index,"[np.int64(7705), np.int64(12021)]"
GPCXO2,bag_color,"['black', 'red']"
DA7FHX,index,"[np.int64(7733), np.int64(10897)]"
DA7FHX,bag_color,"['green', 'red']"
HA5IBW,index,"[np.int64(7789), np.int64(12850)]"
HA5IBW,bag_color,"['black', 'green']"
FDS8ZF,index,"[np.int64(7790), np.int64(15737)]"
FDS8ZF,bag_color,"['blue', 'black']"
Q2EW6L,index,"[np.int64(7822), np.int64(7943)]"
Q2EW6L,bag_color,"['green', 'yellow']"
D5QJWU,index,"[np.int64(7854), np.int64(13418)]"
D5QJWU,bag_color,"['blue', 'white']"
621JOU,index,"[np.int64(7857), np.int64(14114)]"
621JOU,bag_color,"['red', 'yellow']"
H66RY9,index,"[np.int64(7862), np.int64(14149)]"
H66RY9,bag_color,"['white', 'green']"
2BJGBB,index,"[np.int64(7867), np.int64(10230)]"
2BJGBB,bag_color,"['yellow', 'red']"
FVDJLG,index,"[np.int64(7926), np.int64(11778)]"
FVDJLG,bag_color,"['black', 'yellow']"
L2F3IZ,index,"[np.int64(7970), np.int64(15211)]"
L2F3IZ,bag_color,"['white', 'green']"
4T9FHO,index,"[np.int64(7972), np.int64(9061)]"
4T9FHO,bag_color,"['green', 'white']"
5E10Z4,index,"[np.int64(7998), np.int64(11540)]"
5E10Z4,bag_color,"['red', 'blue']"
BMGMH0,index,"[np.int64(8011), np.int64(8031)]"
BMGMH0,bag_color,"['green', 'yellow']"
SCTNP4,index,"[np.int64(8014), np.int64(8934)]"
BLDPYS,index,"[np.int64(8021), np.int64(9318)]"
BLDPYS,bag_color,"['black', 'red']"
9JAGAL,index,"[np.int64(8024), np.int64(8565)]"
9JAGAL,bag_color,"['green', 'white']"
HBVC04,index,"[np.int64(8054), np.int64(15576)]"
HBVC04,bag_color,"['green', 'black']"
HY8J34,index,"[np.int64(8055), np.int64(12140)]"
HY8J34,bag_color,"['black', 'blue']"
F0PV71,index,"[np.int64(8056), np.int64(14854)]"
F0PV71,bag_color,"['red', 'blue']"
DG1LIU,index,"[np.int64(8065), np.int64(15651)]"
7UZVCP,index,"[np.int64(8068), np.int64(15744)]"
7UZVCP,bag_color,"['yellow', 'white']"
UAP35I,index,"[np.int64(8098), np.int64(8520)]"
86KRE2,index,"[np.int64(8099), np.int64(12784)]"
86KRE2,bag_color,"['white', 'green']"
5R60GN,index,"[np.int64(8116), np.int64(8365)]"
5R60GN,bag_color,"['black', 'green']"
4ZW6S2,index,"[np.int64(8127), np.int64(11134)]"
3UOMLE,index,"[np.int64(8143), np.int64(11212)]"
3UOMLE,bag_color,"['white', 'yellow']"
IPIFOC,index,"[np.int64(8166), np.int64(10503)]"
IPIFOC,bag_color,"['blue', 'green']"
4HWXDF,index,"[np.int64(8190), np.int64(13862)]"
Z2IWTN,index,"[np.int64(8210), np.int64(14751)]"
Z2IWTN,bag_color,"['green', 'red']"
QRJ6LP,index,"[np.int64(8232), np.int64(11389)]"
QRJ6LP,bag_color,"['blue', 'green']"
11RQTT,index,"[np.int64(8240), np.int64(9683)]"
11RQTT,bag_color,"['yellow', 'blue']"
NGCKV9,index,"[np.int64(8262), np.int64(15624)]"
NGCKV9,bag_color,"['black', 'white']"
64N723,index,"[np.int64(8303), np.int64(9844)]"
64N723,bag_color,"['green', 'red']"
L1YLXA,index,"[np.int64(8316), np.int64(13144)]"
L1YLXA,bag_color,"['black', 'yellow']"
YHFZU9,index,"[np.int64(8317), np.int64(12820)]"
YHFZU9,bag_color,"['blue', 'white']"
V21NOB,index,"[np.int64(8337), np.int64(13248)]"
V21NOB,bag_color,"['blue', 'green']"
1N8SF5,index,"[np.int64(8342), np.int64(10724)]"
1N8SF5,bag_color,"['black', 'yellow']"
OAVFJ9,index,"[np.int64(8366), np.int64(12307)]"
OAVFJ9,bag_color,"['yellow', 'black']"
MCZL4M,index,"[np.int64(8411), np.int64(10058)]"
MCZL4M,bag_color,"['black', 'yellow']"
ESB2C6,index,"[np.int64(8440), np.int64(8665)]"
ESB2C6,bag_color,"['blue', 'black']"
PWOMSM,index,"[np.int64(8457), np.int64(13011)]"
PWOMSM,bag_color,"['green', 'yellow']"
SREJVP,index,"[np.int64(8506), np.int64(12430)]"
SREJVP,bag_color,"['green', 'white']"
6F1KHV,index,"[np.int64(8522), np.int64(13686)]"
6F1KHV,bag_color,"['yellow', 'blue']"
EWNCGS,index,"[np.int64(8555), np.int64(9949)]"
EWNCGS,bag_color,"['black', 'white']"
85ANME,index,"[np.int64(8587), np.int64(11518)]"
85ANME,bag_color,"['blue', 'black']"
A1MFXJ,index,"[np.int64(8618), np.int64(14618)]"
A1MFXJ,bag_color,"['blue', 'black']"
SCA4Q9,index,"[np.int64(8623), np.int64(14130)]"
0FC4RY,index,"[np.int64(8641), np.int64(9791)]"
0FC4RY,bag_color,"['blue', 'yellow']"
38Y1SS,index,"[np.int64(8647), np.int64(15480)]"
38Y1SS,bag_color,"['blue', 'yellow']"
E9W4D8,index,"[np.int64(8650), np.int64(15475)]"
E9W4D8,bag_color,"['red', 'green']"
67IZTI,index,"[np.int64(8660), np.int64(10180)]"
67IZTI,bag_color,"['white', 'yellow']"
J759E4,index,"[np.int64(8673), np.int64(12791)]"
J759E4,bag_color,"['green', 'black']"
Z0VKC4,index,"[np.int64(8686), np.int64(12415)]"
Z0VKC4,bag_color,"['white', 'yellow']"
NKMCWL,index,"[np.int64(8740), np.int64(12872)]"
NKMCWL,bag_color,"['red', 'black']"
EIHLBT,index,"[np.int64(8765), np.int64(15284)]"
EIHLBT,bag_color,"['green', 'yellow']"
E68CXI,index,"[np.int64(8782), np.int64(14214)]"
E68CXI,bag_color,"['red', 'white']"
RL02QP,index,"[np.int64(8783), np.int64(9976)]"
RL02QP,bag_color,"['red', 'black']"
RVOBQZ,index,"[np.int64(8793), np.int64(14966)]"
RVOBQZ,bag_color,"['white', 'black']"
MJNVBJ,index,"[np.int64(8794), np.int64(9882)]"
EYMTP8,index,"[np.int64(8800), np.int64(11694)]"
VVNUH0,index,"[np.int64(8821), np.int64(10725)]"
VVNUH0,bag_color,"['red', 'green']"
I0DP4X,index,"[np.int64(8824), np.int64(12124)]"
I0DP4X,bag_color,"['white', 'yellow']"
CBC76U,index,"[np.int64(8859), np.int64(9968)]"
CBC76U,bag_color,"['yellow', 'white']"
AOHOE7,index,"[np.int64(8889), np.int64(15742)]"
AOHOE7,bag_color,"['blue', 'black']"
AWF13G,index,"[np.int64(8914), np.int64(10365)]"
AWF13G,bag_color,"['blue', 'yellow']"
T97AGN,index,"[np.int64(8939), np.int64(11251)]"
T97AGN,bag_color,"['black', 'yellow']"
Z8S8Q1,index,"[np.int64(8949), np.int64(11513)]"
WDN5LL,index,"[np.int64(8961), np.int64(10471)]"
WDN5LL,bag_color,"['red', 'yellow']"
AHU2HL,index,"[np.int64(8965), np.int64(15808)]"
AHU2HL,bag_color,"['blue', 'white']"
55COB8,index,"[np.int64(8998), np.int64(12586)]"
55COB8,bag_color,"['blue', 'white']"
GXRFPS,index,"[np.int64(9001), np.int64(9439)]"
XPQ9IV,index,"[np.int64(9004), np.int64(13579)]"
XPQ9IV,bag_color,"['yellow', 'black']"
1MHY7Q,index,"[np.int64(9012), np.int64(13339)]"
1MHY7Q,bag_color,"['white', 'yellow']"
M5W9K0,index,"[np.int64(9016), np.int64(11421)]"
M5W9K0,bag_color,"['yellow', 'black']"
W2HP67,index,"[np.int64(9020), np.int64(9919)]"
W2HP67,bag_color,"['white', 'red']"
4INBRV,index,"[np.int64(9036), np.int64(10284)]"
4INBRV,bag_color,"['yellow', 'blue']"
LIRBW5,index,"[np.int64(9048), np.int64(9160)]"
LIRBW5,bag_color,"['yellow', 'green']"
ELE3JW,index,"[np.int64(9070), np.int64(9202)]"
ELE3JW,bag_color,"['red', 'black']"
72KRUA,index,"[np.int64(9091), np.int64(15009)]"
72KRUA,bag_color,"['yellow', 'white']"
K9L7WO,index,"[np.int64(9133), np.int64(10498)]"
K9L7WO,bag_color,"['blue', 'black']"
0K5LDV,index,"[np.int64(9156), np.int64(15721)]"
0K5LDV,bag_color,"['white', 'red']"
3GKXGN,index,"[np.int64(9162), np.int64(11455)]"
3GKXGN,bag_color,"['red', 'black']"
VOPYP9,index,"[np.int64(9170), np.int64(9843)]"
VOPYP9,bag_color,"['blue', 'black']"
VG72MH,index,"[np.int64(9234), np.int64(9994)]"
VG72MH,bag_color,"['blue', 'green']"
BGQJVW,index,"[np.int64(9260), np.int64(12964)]"
BGQJVW,bag_color,"['green', 'white']"
2S50HE,index,"[np.int64(9264), np.int64(12187)]"
2S50HE,bag_color,"['blue', 'yellow']"
VI6D9T,index,"[np.int64(9267), np.int64(15859)]"
VI6D9T,bag_color,"['yellow', 'blue']"
9XOQOQ,index,"[np.int64(9280), np.int64(9869)]"
9XOQOQ,bag_color,"['yellow', 'blue']"
WHEXS1,index,"[np.int64(9290), np.int64(14782)]"
WHEXS1,bag_color,"['white', 'green']"
0P8GMF,index,"[np.int64(9294), np.int64(9762)]"
0P8GMF,bag_color,"['blue', 'yellow']"
CY1QPM,index,"[np.int64(9342), np.int64(14557)]"
CY1QPM,bag_color,"['blue', 'black']"
77B2UJ,index,"[np.int64(9361), np.int64(12012)]"
RD1G98,index,"[np.int64(9376), np.int64(10806)]"
RD1G98,bag_color,"['blue', 'black']"
55I67S,index,"[np.int64(9393), np.int64(13794)]"
55I67S,bag_color,"['white', 'blue']"
A3CL9Y,index,"[np.int64(9433), np.int64(14575)]"
A3CL9Y,bag_color,"['blue', 'yellow']"
TTGWU6,index,"[np.int64(9446), np.int64(9504)]"
TTGWU6,bag_color,"['red', 'blue']"
Q46HIP,index,"[np.int64(9456), np.int64(14491)]"
Q46HIP,bag_color,"['green', 'black']"
BMUJCL,index,"[np.int64(9475), np.int64(13056)]"
VOET93,index,"[np.int64(9505), np.int64(10993)]"
VOET93,bag_color,"['black', 'green']"
2RIB25,index,"[np.int64(9554), np.int64(12457)]"
5S4KSN,index,"[np.int64(9589), np.int64(13740)]"
5S4KSN,bag_color,"['red', 'white']"
QB1CUO,index,"[np.int64(9612), np.int64(14724)]"
IO4YUR,index,"[np.int64(9627), np.int64(15266)]"
IO4YUR,bag_color,"['white', 'red']"
TREVLZ,index,"[np.int64(9638), np.int64(12055)]"
TREVLZ,bag_color,"['green', 'blue']"
2P392P,index,"[np.int64(9641), np.int64(13970)]"
2P392P,bag_color,"['yellow', 'blue']"
5J1B27,index,"[np.int64(9656), np.int64(13304)]"
5J1B27,bag_color,"['blue', 'black']"
K6LJDH,index,"[np.int64(9700), np.int64(15430)]"
K6LJDH,bag_color,"['black', 'white']"
WEM628,index,"[np.int64(9725), np.int64(13096)]"
WEM628,bag_color,"['green', 'white']"
BUGUEU,index,"[np.int64(9726), np.int64(10225)]"
BUGUEU,bag_color,"['blue', 'red']"
BAQY5B,index,"[np.int64(9783), np.int64(10817)]"
BAQY5B,bag_color,"['black', 'blue']"
T8QG35,index,"[np.int64(9817), np.int64(12075)]"
OHJ4ZI,index,"[np.int64(9861), np.int64(10714)]"
OHJ4ZI,bag_color,"['green', 'yellow']"
FHZ94G,index,"[np.int64(9903), np.int64(10392)]"
FHZ94G,bag_color,"['blue', 'yellow']"
BIHA5M,index,"[np.int64(9935), np.int64(10359)]"
BIHA5M,bag_color,"['green', 'blue']"
KZ0Q6B,index,"[np.int64(9984), np.int64(11950)]"
KZ0Q6B,bag_color,"['white', 'green']"
NL6235,index,"[np.int64(10007), np.int64(13655)]"
NL6235,bag_color,"['red', 'green']"
9B0WXU,index,"[np.int64(10055), np.int64(12227)]"
CPW2BY,index,"[np.int64(10063), np.int64(15198)]"
CPW2BY,bag_color,"['white', 'green']"
U3QFA7,index,"[np.int64(10087), np.int64(11138)]"
U3QFA7,bag_color,"['red', 'blue']"
ZFRZLO,index,"[np.int64(10124), np.int64(11579)]"
ZFRZLO,bag_color,"['green', 'black']"
1SABLK,index,"[np.int64(10152), np.int64(12176)]"
1SABLK,bag_color,"['black', 'white']"
AFEKFH,index,"[np.int64(10153), np.int64(15729)]"
AFEKFH,bag_color,"['white', 'red']"
DCQMIR,index,"[np.int64(10176), np.int64(13279)]"
DCQMIR,bag_color,"['white', 'yellow']"
49LXTX,index,"[np.int64(10196), np.int64(10756)]"
49LXTX,bag_color,"['black', 'red']"
YHMLXM,index,"[np.int64(10219), np.int64(14125)]"
YHMLXM,bag_color,"['red', 'green']"
PEGR04,index,"[np.int64(10233), np.int64(10805)]"
PEGR04,bag_color,"['green', 'black']"
PDMU64,index,"[np.int64(10274), np.int64(12837)]"
PDMU64,bag_color,"['white', 'yellow']"
VMGQTX,index,"[np.int64(10343), np.int64(14154)]"
VMGQTX,bag_color,"['blue', 'yellow']"
JGOCX5,index,"[np.int64(10380), np.int64(14745)]"
JGOCX5,bag_color,"['red', 'black']"
CNLKCC,index,"[np.int64(10410), np.int64(11339)]"
CNLKCC,bag_color,"['yellow', 'black']"
VYQ1AP,index,"[np.int64(10428), np.int64(13216)]"
WMYFFY,index,"[np.int64(10434), np.int64(14601)]"
WMYFFY,bag_color,"['green', 'yellow']"
APGHHO,index,"[np.int64(10530), np.int64(13850)]"
MLUX0I,index,"[np.int64(10553), np.int64(11759)]"
MLUX0I,bag_color,"['yellow', 'black']"
927FF6,index,"[np.int64(10592), np.int64(15769)]"
927FF6,bag_color,"['red', 'black']"
3CIFWW,index,"[np.int64(10595), np.int64(13952)]"
3CIFWW,bag_color,"['blue', 'black']"
Y620L9,index,"[np.int64(10614), np.int64(15739)]"
Y620L9,bag_color,"['yellow', 'blue']"
OUACEQ,index,"[np.int64(10677), np.int64(13103)]"
OUACEQ,bag_color,"['green', 'white']"
TM7E3O,index,"[np.int64(10706), np.int64(11420)]"
TM7E3O,bag_color,"['green', 'yellow']"
6YF7CK,index,"[np.int64(10737), np.int64(11567)]"
6YF7CK,bag_color,"['red', 'white']"
ANHOP7,index,"[np.int64(10747), np.int64(11115)]"
ANHOP7,bag_color,"['yellow', 'white']"
91BJ5Q,index,"[np.int64(10769), np.int64(15468)]"
VX9MC3,index,"[np.int64(10812), np.int64(13402)]"
6R7033,index,"[np.int64(10813), np.int64(14813)]"
6R7033,bag_color,"['green', 'blue']"
6ASBQT,index,"[np.int64(10825), np.int64(12113)]"
P3HW80,index,"[np.int64(10831), np.int64(14957)]"
P3HW80,bag_color,"['white', 'green']"
3KQ1HU,index,"[np.int64(10835), np.int64(15394)]"
3KQ1HU,bag_color,"['yellow', 'white']"
MKE7J6,index,"[np.int64(10851), np.int64(11951)]"
QLOK5D,index,"[np.int64(10864), np.int64(14289)]"
QLOK5D,bag_color,"['white', 'black']"
5JPZBG,index,"[np.int64(10905), np.int64(11966)]"
5JPZBG,bag_color,"['red', 'green']"
41XMCC,index,"[np.int64(10935), np.int64(14507)]"
41XMCC,bag_color,"['blue', 'red']"
39HZMX,index,"[np.int64(10991), np.int64(13276)]"
39HZMX,bag_color,"['yellow', 'green']"
4A2NZE,index,"[np.int64(11001), np.int64(13939)]"
4A2NZE,bag_color,"['green', 'black']"
FSNF7D,index,"[np.int64(11005), np.int64(14998)]"
FSNF7D,bag_color,"['black', 'yellow']"
HKYM2V,index,"[np.int64(11012), np.int64(15168)]"
ANYEMI,index,"[np.int64(11042), np.int64(12616)]"
ANYEMI,bag_color,"['red', 'green']"
HR0ECV,index,"[np.int64(11082), np.int64(14908)]"
HR0ECV,bag_color,"['yellow', 'blue']"
91ZUIH,index,"[np.int64(11097), np.int64(12511)]"
91ZUIH,bag_color,"['white', 'yellow']"
1ITQR2,index,"[np.int64(11137), np.int64(13578)]"
1ITQR2,bag_color,"['black', 'red']"
QVCPU0,index,"[np.int64(11140), np.int64(14528)]"
RLQR0L,index,"[np.int64(11158), np.int64(15157)]"
RLQR0L,bag_color,"['white', 'red']"
4GB8X5,index,"[np.int64(11164), np.int64(15776)]"
4GB8X5,bag_color,"['green', 'white']"
Z4OMC3,index,"[np.int64(11182), np.int64(15095)]"
Z4OMC3,bag_color,"['blue', 'green']"
YV6QTI,index,"[np.int64(11231), np.int64(15689)]"
YV6QTI,bag_color,"['red', 'green']"
J90CH5,index,"[np.int64(11241), np.int64(14624)]"
J90CH5,bag_color,"['blue', 'green']"
7GADGE,index,"[np.int64(11271), np.int64(13285)]"
SW0WQ3,index,"[np.int64(11278), np.int64(12921)]"
M52I1W,index,"[np.int64(11282), np.int64(12438)]"
M52I1W,bag_color,"['black', 'yellow']"
G9BIIA,index,"[np.int64(11299), np.int64(13884)]"
G9BIIA,bag_color,"['black', 'green']"
6I3HKA,index,"[np.int64(11346), np.int64(12022)]"
SVUHIG,index,"[np.int64(11352), np.int64(12600)]"
SVUHIG,bag_color,"['red', 'blue']"
4R5J9W,index,"[np.int64(11360), np.int64(11910)]"
9HW69M,index,"[np.int64(11409), np.int64(12223)]"
D6CL9I,index,"[np.int64(11415), np.int64(13488)]"
D6CL9I,bag_color,"['green', 'white']"
W5N5N9,index,"[np.int64(11417), np.int64(12008)]"
URTK5J,index,"[np.int64(11451), np.int64(14578)]"
URTK5J,bag_color,"['yellow', 'green']"
7SCE28,index,"[np.int64(11481), np.int64(13361)]"
7SCE28,bag_color,"['red', 'black']"
4UJFPO,index,"[np.int64(11588), np.int64(12737)]"
4UJFPO,bag_color,"['green', 'yellow']"
YIS6KJ,index,"[np.int64(11589), np.int64(14739)]"
YIS6KJ,bag_color,"['yellow', 'blue']"
0VTYP7,index,"[np.int64(11598), np.int64(12166)]"
0VTYP7,bag_color,"['red', 'green']"
PQJWZC,index,"[np.int64(11629), np.int64(12380)]"
7SFPXH,index,"[np.int64(11711), np.int64(11981)]"
7SFPXH,bag_color,"['black', 'red']"
V2GS62,index,"[np.int64(11712), np.int64(13630)]"
V2GS62,bag_color,"['blue', 'green']"
F544F6,index,"[np.int64(11744), np.int64(12168)]"
F544F6,bag_color,"['yellow', 'red']"
CS0V0U,index,"[np.int64(11774), np.int64(14172)]"
CS0V0U,bag_color,"['white', 'green']"
MU04AE,index,"[np.int64(11804), np.int64(13581)]"
MU04AE,bag_color,"['green', 'red']"
VR3GM5,index,"[np.int64(11811), np.int64(12452)]"
A67B6D,index,"[np.int64(11822), np.int64(14208)]"
A67B6D,bag_color,"['blue', 'black']"
A29B3K,index,"[np.int64(11856), np.int64(11987)]"
A29B3K,bag_color,"['black', 'white']"
VKHN7C,index,"[np.int64(11891), np.int64(12515)]"
VKHN7C,bag_color,"['green', 'white']"
DAMQHY,index,"[np.int64(11976), np.int64(12747)]"
DAMQHY,bag_color,"['green', 'blue']"
E1NIIM,index,"[np.int64(12011), np.int64(13394)]"
E1NIIM,bag_color,"['blue', 'yellow']"
A70KZY,index,"[np.int64(12133), np.int64(15125)]"
A70KZY,bag_color,"['red', 'black']"
N0Y0BD,index,"[np.int64(12134), np.int64(15352)]"
N0Y0BD,bag_color,"['black', 'green']"
NDHJ4F,index,"[np.int64(12208), np.int64(13039)]"
NDHJ4F,bag_color,"['red', 'blue']"
0195IO,index,"[np.int64(12270), np.int64(13541)]"
P4S6LH,index,"[np.int64(12299), np.int64(13206)]"
P4S6LH,bag_color,"['yellow', 'red']"
DOJYWQ,index,"[np.int64(12349), np.int64(15803)]"
DOJYWQ,bag_color,"['blue', 'yellow']"
98EAIL,index,"[np.int64(12460), np.int64(14562)]"
98EAIL,bag_color,"['red', 'white']"
DSHXS6,index,"[np.int64(12588), np.int64(14539)]"
DSHXS6,bag_color,"['red', 'yellow']"
Y2QU4K,index,"[np.int64(12604), np.int64(13521)]"
F8ZB4T,index,"[np.int64(12628), np.int64(14970)]"
CIUS7X,index,"[np.int64(12630), np.int64(13889)]"
CIUS7X,bag_color,"['black', 'yellow']"
6CCLS1,index,"[np.int64(12660), np.int64(13214)]"
6CCLS1,bag_color,"['white', 'black']"
F6VVQJ,index,"[np.int64(12678), np.int64(15038)]"
F6VVQJ,bag_color,"['black', 'red']"
MKF53I,index,"[np.int64(12690), np.int64(12817)]"
MKF53I,bag_color,"['green', 'black']"
0PPA1A,index,"[np.int64(12713), np.int64(15382)]"
0PPA1A,bag_color,"['yellow', 'red']"
146PY2,index,"[np.int64(12809), np.int64(15092)]"
146PY2,bag_color,"['yellow', 'blue']"
D5D74X,index,"[np.int64(12812), np.int64(13986)]"
2UHKJ8,index,"[np.int64(13034), np.int64(13396)]"
2UHKJ8,bag_color,"['red', 'white']"
XI75SQ,index,"[np.int64(13051), np.int64(14004)]"
1I0JI0,index,"[np.int64(13111), np.int64(14000)]"
1I0JI0,bag_color,"['white', 'green']"
3003FE,index,"[np.int64(13149), np.int64(14428)]"
J9XV6H,index,"[np.int64(13254), np.int64(15731)]"
J9XV6H,bag_color,"['yellow', 'green']"
ZN5LCP,index,"[np.int64(13360), np.int64(13383)]"
ZN5LCP,bag_color,"['yellow', 'black']"
Z0TG8W,index,"[np.int64(13363), np.int64(13930)]"
Z0TG8W,bag_color,"['red', 'white']"
H5HHMY,index,"[np.int64(13384), np.int64(14626)]"
H5HHMY,bag_color,"['green', 'blue']"
HL7EEZ,index,"[np.int64(13408), np.int64(15814)]"
HL7EEZ,bag_color,"['white', 'yellow']"
612NHN,index,"[np.int64(13423), np.int64(14776)]"
612NHN,bag_color,"['red', 'yellow']"
OS9TR4,index,"[np.int64(13512), np.int64(14846)]"
XAFZ5Z,index,"[np.int64(13646), np.int64(15750)]"
XAFZ5Z,bag_color,"['black', 'blue']"
72YL3P,index,"[np.int64(13837), np.int64(15886)]"
72YL3P,bag_color,"['red', 'blue']"
7O3NS6,index,"[np.int64(13941), np.int64(14432)]"
7O3NS6,bag_color,"['yellow', 'blue']"
YDC6BD,index,"[np.int64(14084), np.int64(15521)]"
YDC6BD,bag_color,"['red', 'yellow']"
VWDRAH,index,"[np.int64(14108), np.int64(15755)]"
3V7O8I,index,"[np.int64(14156), np.int64(15612)]"
URVY0G,index,"[np.int64(14199), np.int64(15470)]"
URVY0G,bag_color,"['black', 'yellow']"
YZINU0,index,"[np.int64(14209), np.int64(15323)]"
YZINU0,bag_color,"['green', 'red']"
UGJHL6,index,"[np.int64(14349), np.int64(14975)]"
UGJHL6,bag_color,"['black', 'blue']"
GE99NV,index,"[np.int64(14446), np.int64(15258)]"
SGCHM0,index,"[np.int64(14612), np.int64(15706)]"
SGCHM0,bag_color,"['blue', 'white']"
H8UUPB,index,"[np.int64(14972), np.int64(15087)]"
H8UUPB,bag_color,"['green', 'yellow']"
G365BJ,index,"[np.int64(15192), np.int64(15391)]"
G365BJ,bag_color,"['yellow', 'blue']"
WWO54A,index,"[np.int64(15218), np.int64(15641)]"
WWO54A,bag_color,"['yellow', 'white']"
3YP8F0,index,"[np.int64(15226), np.int64(15785)]"
3YP8F0,bag_color,"['blue', 'black']"
1FKAEF,index,"[np.int64(15273), np.int64(15868)]"
1FKAEF,bag_color,"['green', 'yellow']"
